Workbook

Sheet לוח זמנים
A1: לוח זמנים – שיפוץ ותוספות, שלונסקי 53, חיפה (ישראל; צוות פועלים סינים)
A2: תאריך התחלה (יום א׳): | D2: 46334 | F2: משכי הבסיס מחושבים לימי עבודה של 8 שעות. המשך בפועל = משך הבסיס ÷ מקדם התפוקה (מעוגל כלפי מעלה). ב-10 שעות ביום המקדם 1.18 (תפוקה שולית יורדת). מגמת העבודה: א׳–ה׳. אפשר לשנות שעות, תאריך התחלה, משכים וחגים – התאריכים והגאנט מתעדכנים.
A3: ימי מנוחה (שישי, שבת): | D3: 0000110
A4: שעות עבודה ביום: | D4: 10
A5: מקדם תפוקה: | D5: =ROUND(1+(D4-8)*0.09,2) -> 1.18
A7: ✡
A9: מס׳ | B9: פעילות | C9: סעיפי הצעת מחיר | D9: משך בסיס (ימי 8 ש׳) | E9: משך בפועל (ימים) | F9: ק1 | G9: ק2 | H9: ק3 | I9: ק4 | J9: ק5 | K9: ק6 | L9: סיום הקודמות | M9: התחלה | N9: סיום | O9: קריטי* | P9: על ידי | R9: =$D$2-MOD(WEEKDAY($D$2,1)-1,7)+0 -> 46334 | S9: =$D$2-MOD(WEEKDAY($D$2,1)-1,7)+7 -> 46341 | T9: =$D$2-MOD(WEEKDAY($D$2,1)-1,7)+14 -> 46348 | U9: =$D$2-MOD(WEEKDAY($D$2,1)-1,7)+21 -> 46355 | V9: =$D$2-MOD(WEEKDAY($D$2,1)-1,7)+28 -> 46362 | W9: =$D$2-MOD(WEEKDAY($D$2,1)-1,7)+35 -> 46369 | X9: =$D$2-MOD(WEEKDAY($D$2,1)-1,7)+42 -> 46376 | Y9: =$D$2-MOD(WEEKDAY($D$2,1)-1,7)+49 -> 46383 | Z9: =$D$2-MOD(WEEKDAY($D$2,1)-1,7)+56 -> 46390 | AA9: =$D$2-MOD(WEEKDAY($D$2,1)-1,7)+63 -> 46397 | AB9: =$D$2-MOD(WEEKDAY($D$2,1)-1,7)+70 -> 46404 | AC9: =$D$2-MOD(WEEKDAY($D$2,1)-1,7)+77 -> 46411 | AD9: =$D$2-MOD(WEEKDAY($D$2,1)-1,7)+84 -> 46418 | AE9: =$D$2-MOD(WEEKDAY($D$2,1)-1,7)+91 -> 46425 | AF9: =$D$2-MOD(WEEKDAY($D$2,1)-1,7)+98 -> 46432 | AG9: =$D$2-MOD(WEEKDAY($D$2,1)-1,7)+105 -> 46439 | AH9: =$D$2-MOD(WEEKDAY($D$2,1)-1,7)+112 -> 46446 | AI9: =$D$2-MOD(WEEKDAY($D$2,1)-1,7)+119 -> 46453 | AJ9: =$D$2-MOD(WEEKDAY($D$2,1)-1,7)+126 -> 46460 | AK9: =$D$2-MOD(WEEKDAY($D$2,1)-1,7)+133 -> 46467 | AL9: =$D$2-MOD(WEEKDAY($D$2,1)-1,7)+140 -> 46474 | AM9: =$D$2-MOD(WEEKDAY($D$2,1)-1,7)+147 -> 46481 | AN9: =$D$2-MOD(WEEKDAY($D$2,1)-1,7)+154 -> 46488 | AO9: =$D$2-MOD(WEEKDAY($D$2,1)-1,7)+161 -> 46495 | AP9: =$D$2-MOD(WEEKDAY($D$2,1)-1,7)+168 -> 46502 | AQ9: =$D$2-MOD(WEEKDAY($D$2,1)-1,7)+175 -> 46509 | AR9: =$D$2-MOD(WEEKDAY($D$2,1)-1,7)+182 -> 46516 | AS9: =$D$2-MOD(WEEKDAY($D$2,1)-1,7)+189 -> 46523 | AT9: =$D$2-MOD(WEEKDAY($D$2,1)-1,7)+196 -> 46530 | AU9: =$D$2-MOD(WEEKDAY($D$2,1)-1,7)+203 -> 46537 | AV9: =$D$2-MOD(WEEKDAY($D$2,1)-1,7)+210 -> 46544 | AW9: =$D$2-MOD(WEEKDAY($D$2,1)-1,7)+217 -> 46551 | AX9: =$D$2-MOD(WEEKDAY($D$2,1)-1,7)+224 -> 46558 | AY9: =$D$2-MOD(WEEKDAY($D$2,1)-1,7)+231 -> 46565 | AZ9: =$D$2-MOD(WEEKDAY($D$2,1)-1,7)+238 -> 46572 | BA9: =$D$2-MOD(WEEKDAY($D$2,1)-1,7)+245 -> 46579 | BB9: =$D$2-MOD(WEEKDAY($D$2,1)-1,7)+252 -> 46586 | BC9: =$D$2-MOD(WEEKDAY($D$2,1)-1,7)+259 -> 46593 | BD9: =$D$2-MOD(WEEKDAY($D$2,1)-1,7)+266 -> 46600 | BE9: =$D$2-MOD(WEEKDAY($D$2,1)-1,7)+273 -> 46607 | BF9: =$D$2-MOD(WEEKDAY($D$2,1)-1,7)+280 -> 46614 | BG9: =$D$2-MOD(WEEKDAY($D$2,1)-1,7)+287 -> 46621 | BH9: =$D$2-MOD(WEEKDAY($D$2,1)-1,7)+294 -> 46628 | BI9: =$D$2-MOD(WEEKDAY($D$2,1)-1,7)+301 -> 46635 | BJ9: =$D$2-MOD(WEEKDAY($D$2,1)-1,7)+308 -> 46642 | BK9: =$D$2-MOD(WEEKDAY($D$2,1)-1,7)+315 -> 46649 | BL9: =$D$2-MOD(WEEKDAY($D$2,1)-1,7)+322 -> 46656 | BM9: =$D$2-MOD(WEEKDAY($D$2,1)-1,7)+329 -> 46663 | BN9: =$D$2-MOD(WEEKDAY($D$2,1)-1,7)+336 -> 46670 | BO9: =$D$2-MOD(WEEKDAY($D$2,1)-1,7)+343 -> 46677 | BP9: =$D$2-MOD(WEEKDAY($D$2,1)-1,7)+350 -> 46684 | BQ9: =$D$2-MOD(WEEKDAY($D$2,1)-1,7)+357 -> 46691 | BR9: =$D$2-MOD(WEEKDAY($D$2,1)-1,7)+364 -> 46698 | BS9: =$D$2-MOD(WEEKDAY($D$2,1)-1,7)+371 -> 46705 | BT9: =$D$2-MOD(WEEKDAY($D$2,1)-1,7)+378 -> 46712 | BU9: =$D$2-MOD(WEEKDAY($D$2,1)-1,7)+385 -> 46719 | BV9: =$D$2-MOD(WEEKDAY($D$2,1)-1,7)+392 -> 46726 | BW9: =$D$2-MOD(WEEKDAY($D$2,1)-1,7)+399 -> 46733 | BX9: =$D$2-MOD(WEEKDAY($D$2,1)-1,7)+406 -> 46740 | BY9: =$D$2-MOD(WEEKDAY($D$2,1)-1,7)+413 -> 46747 | BZ9: =$D$2-MOD(WEEKDAY($D$2,1)-1,7)+420 -> 46754 | CA9: =$D$2-MOD(WEEKDAY($D$2,1)-1,7)+427 -> 46761 | CB9: =$D$2-MOD(WEEKDAY($D$2,1)-1,7)+434 -> 46768 | CC9: =$D$2-MOD(WEEKDAY($D$2,1)-1,7)+441 -> 46775 | CD9: =$D$2-MOD(WEEKDAY($D$2,1)-1,7)+448 -> 46782 | CE9: =$D$2-MOD(WEEKDAY($D$2,1)-1,7)+455 -> 46789 | CF9: =$D$2-MOD(WEEKDAY($D$2,1)-1,7)+462 -> 46796 | CG9: =$D$2-MOD(WEEKDAY($D$2,1)-1,7)+469 -> 46803 | CH9: =$D$2-MOD(WEEKDAY($D$2,1)-1,7)+476 -> 46810 | CI9: =$D$2-MOD(WEEKDAY($D$2,1)-1,7)+483 -> 46817
B10: ימים שאינם ימי עבודה בשבוע (חגים) | R10: =COUNTIFS('לוח שנה וחגים'!$F$5:$F$20,">="&R$9,'לוח שנה וחגים'!$F$5:$F$20,"<="&R$9+4) -> 0 | S10: =COUNTIFS('לוח שנה וחגים'!$F$5:$F$20,">="&S$9,'לוח שנה וחגים'!$F$5:$F$20,"<="&S$9+4) -> 0 | T10: =COUNTIFS('לוח שנה וחגים'!$F$5:$F$20,">="&T$9,'לוח שנה וחגים'!$F$5:$F$20,"<="&T$9+4) -> 0 | U10: =COUNTIFS('לוח שנה וחגים'!$F$5:$F$20,">="&U$9,'לוח שנה וחגים'!$F$5:$F$20,"<="&U$9+4) -> 0 | V10: =COUNTIFS('לוח שנה וחגים'!$F$5:$F$20,">="&V$9,'לוח שנה וחגים'!$F$5:$F$20,"<="&V$9+4) -> 0 | W10: =COUNTIFS('לוח שנה וחגים'!$F$5:$F$20,">="&W$9,'לוח שנה וחגים'!$F$5:$F$20,"<="&W$9+4) -> 0 | X10: =COUNTIFS('לוח שנה וחגים'!$F$5:$F$20,">="&X$9,'לוח שנה וחגים'!$F$5:$F$20,"<="&X$9+4) -> 0 | Y10: =COUNTIFS('לוח שנה וחגים'!$F$5:$F$20,">="&Y$9,'לוח שנה וחגים'!$F$5:$F$20,"<="&Y$9+4) -> 0 | ... CI10: =COUNTIFS('לוח שנה וחגים'!$F$5:$F$20,">="&CI$9,'לוח שנה וחגים'!$F$5:$F$20,"<="&CI$9+4) -> 0
A11: אישורים, היתרים והזמנות (חוק התכנון והבנייה)
A12: A010 | B12: חתימת חוזה וצו התחלת עבודה | C12: — | D12: 0 | E12: =IF(D12=0,0,MAX(1,ROUNDUP(D12/$D$5,0))) -> 0 | L12: =MAX($D$2-1,IFERROR(INDEX($N$11:$N$86,MATCH(F12,$A$11:$A$86,0)),0),IFERROR(INDEX($N$11:$N$86,MATCH(G12,$A$11:$A$86,0)),0),IFERROR(INDEX($N$11:$N$86,MATCH(H12,$A$11:$A$86,0)),0),IFERROR(INDEX($N$11:$N$86,MATCH(I12,$A$11:$A$86,0)),0),IFERROR(INDEX($N$11:$N$86,MATCH(J12,$A$11:$A$86,0)),0),IFERROR(INDEX($N$11:$N$86,MATCH(K12,$A$11:$A$86,0)),0)) -> 46333 | M12: =IF(E12=0,IF(COUNTA(F12:K12)=0,$D$2,L12),WORKDAY.INTL(L12,1,$D$3,'לוח שנה וחגים'!$F$5:$F$20)) -> 46334 | N12: =IF(E12=0,M12,WORKDAY.INTL(M12,E12-1,$D$3,'לוח שנה וחגים'!$F$5:$F$20)) -> 46334 | O12: ● | P12: קבלן
A13: A015 | B13: היתר בנייה בתוקף לתוספות ושינויי חזית (באחריות המזמין והאדריכלית) – להזין משך אם טרם התקבל | C13: 03.01–03.05, 02.15 | D13: 0 | E13: =IF(D13=0,0,MAX(1,ROUNDUP(D13/$D$5,0))) -> 0 | F13: A010 | L13: =MAX($D$2-1,IFERROR(INDEX($N$11:$N$86,MATCH(F13,$A$11:$A$86,0)),0),IFERROR(INDEX($N$11:$N$86,MATCH(G13,$A$11:$A$86,0)),0),IFERROR(INDEX($N$11:$N$86,MATCH(H13,$A$11:$A$86,0)),0),IFERROR(INDEX($N$11:$N$86,MATCH(I13,$A$11:$A$86,0)),0),IFERROR(INDEX($N$11:$N$86,MATCH(J13,$A$11:$A$86,0)),0),IFERROR(INDEX($N$11:$N$86,MATCH(K13,$A$11:$A$86,0)),0)) -> 46334 | M13: =IF(E13=0,IF(COUNTA(F13:K13)=0,$D$2,L13),WORKDAY.INTL(L13,1,$D$3,'לוח שנה וחגים'!$F$5:$F$20)) -> 46334 | N13: =IF(E13=0,M13,WORKDAY.INTL(M13,E13-1,$D$3,'לוח שנה וחגים'!$F$5:$F$20)) -> 46334 | P13: אחרים / מזמין / רשות
A14: A016 | B14: מינוי מנהל עבודה רשום, הודעה למפקח עבודה אזורי ותוכנית בטיחות | C14: — | D14: 3 | E14: =IF(D14=0,0,MAX(1,ROUNDUP(D14/$D$5,0))) -> 3 | F14: A010 | L14: =MAX($D$2-1,IFERROR(INDEX($N$11:$N$86,MATCH(F14,$A$11:$A$86,0)),0),IFERROR(INDEX($N$11:$N$86,MATCH(G14,$A$11:$A$86,0)),0),IFERROR(INDEX($N$11:$N$86,MATCH(H14,$A$11:$A$86,0)),0),IFERROR(INDEX($N$11:$N$86,MATCH(I14,$A$11:$A$86,0)),0),IFERROR(INDEX($N$11:$N$86,MATCH(J14,$A$11:$A$86,0)),0),IFERROR(INDEX($N$11:$N$86,MATCH(K14,$A$11:$A$86,0)),0)) -> 46334 | M14: =IF(E14=0,IF(COUNTA(F14:K14)=0,$D$2,L14),WORKDAY.INTL(L14,1,$D$3,'לוח שנה וחגים'!$F$5:$F$20)) -> 46335 | N14: =IF(E14=0,M14,WORKDAY.INTL(M14,E14-1,$D$3,'לוח שנה וחגים'!$F$5:$F$20)) -> 46337 | P14: קבלן
A15: A017 | B15: היתר העירייה להצבת פיגום ומכולת פסולת ברשות הרבים | C15: 01.07, 01.09 | D15: 10 | E15: =IF(D15=0,0,MAX(1,ROUNDUP(D15/$D$5,0))) -> 9 | F15: A010 | L15: =MAX($D$2-1,IFERROR(INDEX($N$11:$N$86,MATCH(F15,$A$11:$A$86,0)),0),IFERROR(INDEX($N$11:$N$86,MATCH(G15,$A$11:$A$86,0)),0),IFERROR(INDEX($N$11:$N$86,MATCH(H15,$A$11:$A$86,0)),0),IFERROR(INDEX($N$11:$N$86,MATCH(I15,$A$11:$A$86,0)),0),IFERROR(INDEX($N$11:$N$86,MATCH(J15,$A$11:$A$86,0)),0),IFERROR(INDEX($N$11:$N$86,MATCH(K15,$A$11:$A$86,0)),0)) -> 46334 | M15: =IF(E15=0,IF(COUNTA(F15:K15)=0,$D$2,L15),WORKDAY.INTL(L15,1,$D$3,'לוח שנה וחגים'!$F$5:$F$20)) -> 46335 | N15: =IF(E15=0,M15,WORKDAY.INTL(M15,E15-1,$D$3,'לוח שנה וחגים'!$F$5:$F$20)) -> 46345 | O15: ● | P15: קבלן
A16: A020 | B16: בקשה לחברת החשמל – הגדלת חיבור (3×40 אמפר) ופילר חדש | C16: 06.07 | D16: 40 | E16: =IF(D16=0,0,MAX(1,ROUNDUP(D16/$D$5,0))) -> 34 | F16: A010 | L16: =MAX($D$2-1,IFERROR(INDEX($N$11:$N$86,MATCH(F16,$A$11:$A$86,0)),0),IFERROR(INDEX($N$11:$N$86,MATCH(G16,$A$11:$A$86,0)),0),IFERROR(INDEX($N$11:$N$86,MATCH(H16,$A$11:$A$86,0)),0),IFERROR(INDEX($N$11:$N$86,MATCH(I16,$A$11:$A$86,0)),0),IFERROR(INDEX($N$11:$N$86,MATCH(J16,$A$11:$A$86,0)),0),IFERROR(INDEX($N$11:$N$86,MATCH(K16,$A$11:$A$86,0)),0)) -> 46334 | M16: =IF(E16=0,IF(COUNTA(F16:K16)=0,$D$2,L16),WORKDAY.INTL(L16,1,$D$3,'לוח שנה וחגים'!$F$5:$F$20)) -> 46335 | N16: =IF(E16=0,M16,WORKDAY.INTL(M16,E16-1,$D$3,'לוח שנה וחגים'!$F$5:$F$20)) -> 46380 | P16: אחרים / מזמין / רשות
A17: A030 | B17: אישור דוגמאות, חומרים וגוונים מול המעצבת (דוגמת טיח) | C17: 14.01 | D17: 10 | E17: =IF(D17=0,0,MAX(1,ROUNDUP(D17/$D$5,0))) -> 9 | F17: A010 | L17: =MAX($D$2-1,IFERROR(INDEX($N$11:$N$86,MATCH(F17,$A$11:$A$86,0)),0),IFERROR(INDEX($N$11:$N$86,MATCH(G17,$A$11:$A$86,0)),0),IFERROR(INDEX($N$11:$N$86,MATCH(H17,$A$11:$A$86,0)),0),IFERROR(INDEX($N$11:$N$86,MATCH(I17,$A$11:$A$86,0)),0),IFERROR(INDEX($N$11:$N$86,MATCH(J17,$A$11:$A$86,0)),0),IFERROR(INDEX($N$11:$N$86,MATCH(K17,$A$11:$A$86,0)),0)) -> 46334 | M17: =IF(E17=0,IF(COUNTA(F17:K17)=0,$D$2,L17),WORKDAY.INTL(L17,1,$D$3,'לוח שנה וחגים'!$F$5:$F$20)) -> 46335 | N17: =IF(E17=0,M17,WORKDAY.INTL(M17,E17-1,$D$3,'לוח שנה וחגים'!$F$5:$F$20)) -> 46345 | P17: קבלן
A18: A050 | B18: אספקת המזמין: הזמנה ואספקה של כלים סניטריים, ברזים וגופי תאורה | C18: 05, 07 | D18: 20 | E18: =IF(D18=0,0,MAX(1,ROUNDUP(D18/$D$5,0))) -> 17 | F18: A030 | L18: =MAX($D$2-1,IFERROR(INDEX($N$11:$N$86,MATCH(F18,$A$11:$A$86,0)),0),IFERROR(INDEX($N$11:$N$86,MATCH(G18,$A$11:$A$86,0)),0),IFERROR(INDEX($N$11:$N$86,MATCH(H18,$A$11:$A$86,0)),0),IFERROR(INDEX($N$11:$N$86,MATCH(I18,$A$11:$A$86,0)),0),IFERROR(INDEX($N$11:$N$86,MATCH(J18,$A$11:$A$86,0)),0),IFERROR(INDEX($N$11:$N$86,MATCH(K18,$A$11:$A$86,0)),0)) -> 46345 | M18: =IF(E18=0,IF(COUNTA(F18:K18)=0,$D$2,L18),WORKDAY.INTL(L18,1,$D$3,'לוח שנה וחגים'!$F$5:$F$20)) -> 46348 | N18: =IF(E18=0,M18,WORKDAY.INTL(M18,E18-1,$D$3,'לוח שנה וחגים'!$F$5:$F$20)) -> 46370 | P18: אחרים / מזמין / רשות
A19: A055 | B19: אספקת המזמין: הזמנה ואספקה של אריחי ריצוף וחיפוי | C19: 13 | D19: 20 | E19: =IF(D19=0,0,MAX(1,ROUNDUP(D19/$D$5,0))) -> 17 | F19: A030 | L19: =MAX($D$2-1,IFERROR(INDEX($N$11:$N$86,MATCH(F19,$A$11:$A$86,0)),0),IFERROR(INDEX($N$11:$N$86,MATCH(G19,$A$11:$A$86,0)),0),IFERROR(INDEX($N$11:$N$86,MATCH(H19,$A$11:$A$86,0)),0),IFERROR(INDEX($N$11:$N$86,MATCH(I19,$A$11:$A$86,0)),0),IFERROR(INDEX($N$11:$N$86,MATCH(J19,$A$11:$A$86,0)),0),IFERROR(INDEX($N$11:$N$86,MATCH(K19,$A$11:$A$86,0)),0)) -> 46345 | M19: =IF(E19=0,IF(COUNTA(F19:K19)=0,$D$2,L19),WORKDAY.INTL(L19,1,$D$3,'לוח שנה וחגים'!$F$5:$F$20)) -> 46348 | N19: =IF(E19=0,M19,WORKDAY.INTL(M19,E19-1,$D$3,'לוח שנה וחגים'!$F$5:$F$20)) -> 46370 | P19: אחרים / מזמין / רשות
A20: התארגנות
A21: S010 | B21: התארגנות אתר, גידור, חיבורי מים וחשמל זמניים, מכולת פסולת | C21: 01.01–01.04, 01.07 | D21: 5 | E21: =IF(D21=0,0,MAX(1,ROUNDUP(D21/$D$5,0))) -> 5 | F21: A016 | G21: A017 | L21: =MAX($D$2-1,IFERROR(INDEX($N$11:$N$86,MATCH(F21,$A$11:$A$86,0)),0),IFERROR(INDEX($N$11:$N$86,MATCH(G21,$A$11:$A$86,0)),0),IFERROR(INDEX($N$11:$N$86,MATCH(H21,$A$11:$A$86,0)),0),IFERROR(INDEX($N$11:$N$86,MATCH(I21,$A$11:$A$86,0)),0),IFERROR(INDEX($N$11:$N$86,MATCH(J21,$A$11:$A$86,0)),0),IFERROR(INDEX($N$11:$N$86,MATCH(K21,$A$11:$A$86,0)),0)) -> 46345 | M21: =IF(E21=0,IF(COUNTA(F21:K21)=0,$D$2,L21),WORKDAY.INTL(L21,1,$D$3,'לוח שנה וחגים'!$F$5:$F$20)) -> 46348 | N21: =IF(E21=0,M21,WORKDAY.INTL(M21,E21-1,$D$3,'לוח שנה וחגים'!$F$5:$F$20)) -> 46352 | O21: ● | P21: קבלן
A22: S020 | B22: הגנה על אלמנטים קיימים, מדידות וסימון בלייזר | C22: 01.05, 01.06 | D22: 4 | E22: =IF(D22=0,0,MAX(1,ROUNDUP(D22/$D$5,0))) -> 4 | F22: S010 | L22: =MAX($D$2-1,IFERROR(INDEX($N$11:$N$86,MATCH(F22,$A$11:$A$86,0)),0),IFERROR(INDEX($N$11:$N$86,MATCH(G22,$A$11:$A$86,0)),0),IFERROR(INDEX($N$11:$N$86,MATCH(H22,$A$11:$A$86,0)),0),IFERROR(INDEX($N$11:$N$86,MATCH(I22,$A$11:$A$86,0)),0),IFERROR(INDEX($N$11:$N$86,MATCH(J22,$A$11:$A$86,0)),0),IFERROR(INDEX($N$11:$N$86,MATCH(K22,$A$11:$A$86,0)),0)) -> 46352 | M22: =IF(E22=0,IF(COUNTA(F22:K22)=0,$D$2,L22),WORKDAY.INTL(L22,1,$D$3,'לוח שנה וחגים'!$F$5:$F$20)) -> 46355 | N22: =IF(E22=0,M22,WORKDAY.INTL(M22,E22-1,$D$3,'לוח שנה וחגים'!$F$5:$F$20)) -> 46358 | O22: ● | P22: קבלן
A23: S030 | B23: אישור כתוב של המתכננת למעבר להריסות | C23: — | D23: 1 | E23: =IF(D23=0,0,MAX(1,ROUNDUP(D23/$D$5,0))) -> 1 | F23: S020 | L23: =MAX($D$2-1,IFERROR(INDEX($N$11:$N$86,MATCH(F23,$A$11:$A$86,0)),0),IFERROR(INDEX($N$11:$N$86,MATCH(G23,$A$11:$A$86,0)),0),IFERROR(INDEX($N$11:$N$86,MATCH(H23,$A$11:$A$86,0)),0),IFERROR(INDEX($N$11:$N$86,MATCH(I23,$A$11:$A$86,0)),0),IFERROR(INDEX($N$11:$N$86,MATCH(J23,$A$11:$A$86,0)),0),IFERROR(INDEX($N$11:$N$86,MATCH(K23,$A$11:$A$86,0)),0)) -> 46358 | M23: =IF(E23=0,IF(COUNTA(F23:K23)=0,$D$2,L23),WORKDAY.INTL(L23,1,$D$3,'לוח שנה וחגים'!$F$5:$F$20)) -> 46359 | N23: =IF(E23=0,M23,WORKDAY.INTL(M23,E23-1,$D$3,'לוח שנה וחגים'!$F$5:$F$20)) -> 46359 | O23: ● | P23: קבלן
A24: הריסות ופירוקים
A25: D010 | B25: פירוק חלונות, דלתות, כלים סניטריים, ארונות, מיזוג, חשמל וצנרת גלויה | C25: 02.06–02.13 | D25: 8 | E25: =IF(D25=0,0,MAX(1,ROUNDUP(D25/$D$5,0))) -> 7 | F25: S030 | L25: =MAX($D$2-1,IFERROR(INDEX($N$11:$N$86,MATCH(F25,$A$11:$A$86,0)),0),IFERROR(INDEX($N$11:$N$86,MATCH(G25,$A$11:$A$86,0)),0),IFERROR(INDEX($N$11:$N$86,MATCH(H25,$A$11:$A$86,0)),0),IFERROR(INDEX($N$11:$N$86,MATCH(I25,$A$11:$A$86,0)),0),IFERROR(INDEX($N$11:$N$86,MATCH(J25,$A$11:$A$86,0)),0),IFERROR(INDEX($N$11:$N$86,MATCH(K25,$A$11:$A$86,0)),0)) -> 46359 | M25: =IF(E25=0,IF(COUNTA(F25:K25)=0,$D$2,L25),WORKDAY.INTL(L25,1,$D$3,'לוח שנה וחגים'!$F$5:$F$20)) -> 46362 | N25: =IF(E25=0,M25,WORKDAY.INTL(M25,E25-1,$D$3,'לוח שנה וחגים'!$F$5:$F$20)) -> 46370 | O25: ● | P25: קבלן
A26: D020 | B26: הריסת קירות ומחיצות – מרתף (62 מ"ר) | C26: 02.01 | D26: 3 | E26: =IF(D26=0,0,MAX(1,ROUNDUP(D26/$D$5,0))) -> 3 | F26: D010 | L26: =MAX($D$2-1,IFERROR(INDEX($N$11:$N$86,MATCH(F26,$A$11:$A$86,0)),0),IFERROR(INDEX($N$11:$N$86,MATCH(G26,$A$11:$A$86,0)),0),IFERROR(INDEX($N$11:$N$86,MATCH(H26,$A$11:$A$86,0)),0),IFERROR(INDEX($N$11:$N$86,MATCH(I26,$A$11:$A$86,0)),0),IFERROR(INDEX($N$11:$N$86,MATCH(J26,$A$11:$A$86,0)),0),IFERROR(INDEX($N$11:$N$86,MATCH(K26,$A$11:$A$86,0)),0)) -> 46370 | M26: =IF(E26=0,IF(COUNTA(F26:K26)=0,$D$2,L26),WORKDAY.INTL(L26,1,$D$3,'לוח שנה וחגים'!$F$5:$F$20)) -> 46371 | N26: =IF(E26=0,M26,WORKDAY.INTL(M26,E26-1,$D$3,'לוח שנה וחגים'!$F$5:$F$20)) -> 46373 | P26: קבלן
A27: D030 | B27: הריסת קירות ומחיצות – קומת קרקע (51 מ"ר) | C27: 02.02 | D27: 3 | E27: =IF(D27=0,0,MAX(1,ROUNDUP(D27/$D$5,0))) -> 3 | F27: D010 | L27: =MAX($D$2-1,IFERROR(INDEX($N$11:$N$86,MATCH(F27,$A$11:$A$86,0)),0),IFERROR(INDEX($N$11:$N$86,MATCH(G27,$A$11:$A$86,0)),0),IFERROR(INDEX($N$11:$N$86,MATCH(H27,$A$11:$A$86,0)),0),IFERROR(INDEX($N$11:$N$86,MATCH(I27,$A$11:$A$86,0)),0),IFERROR(INDEX($N$11:$N$86,MATCH(J27,$A$11:$A$86,0)),0),IFERROR(INDEX($N$11:$N$86,MATCH(K27,$A$11:$A$86,0)),0)) -> 46370 | M27: =IF(E27=0,IF(COUNTA(F27:K27)=0,$D$2,L27),WORKDAY.INTL(L27,1,$D$3,'לוח שנה וחגים'!$F$5:$F$20)) -> 46371 | N27: =IF(E27=0,M27,WORKDAY.INTL(M27,E27-1,$D$3,'לוח שנה וחגים'!$F$5:$F$20)) -> 46373 | P27: קבלן
A28: D040 | B28: הריסת קירות ומחיצות – קומה א׳ (85 מ"ר) | C28: 02.03 | D28: 4 | E28: =IF(D28=0,0,MAX(1,ROUNDUP(D28/$D$5,0))) -> 4 | F28: D010 | L28: =MAX($D$2-1,IFERROR(INDEX($N$11:$N$86,MATCH(F28,$A$11:$A$86,0)),0),IFERROR(INDEX($N$11:$N$86,MATCH(G28,$A$11:$A$86,0)),0),IFERROR(INDEX($N$11:$N$86,MATCH(H28,$A$11:$A$86,0)),0),IFERROR(INDEX($N$11:$N$86,MATCH(I28,$A$11:$A$86,0)),0),IFERROR(INDEX($N$11:$N$86,MATCH(J28,$A$11:$A$86,0)),0),IFERROR(INDEX($N$11:$N$86,MATCH(K28,$A$11:$A$86,0)),0)) -> 46370 | M28: =IF(E28=0,IF(COUNTA(F28:K28)=0,$D$2,L28),WORKDAY.INTL(L28,1,$D$3,'לוח שנה וחגים'!$F$5:$F$20)) -> 46371 | N28: =IF(E28=0,M28,WORKDAY.INTL(M28,E28-1,$D$3,'לוח שנה וחגים'!$F$5:$F$20)) -> 46376 | P28: קבלן
A29: D050 | B29: פירוק תקרות גבס, ריצופים ופנלים | C29: 02.04, 02.05, 02.18 | D29: 6 | E29: =IF(D29=0,0,MAX(1,ROUNDUP(D29/$D$5,0))) -> 6 | F29: D010 | L29: =MAX($D$2-1,IFERROR(INDEX($N$11:$N$86,MATCH(F29,$A$11:$A$86,0)),0),IFERROR(INDEX($N$11:$N$86,MATCH(G29,$A$11:$A$86,0)),0),IFERROR(INDEX($N$11:$N$86,MATCH(H29,$A$11:$A$86,0)),0),IFERROR(INDEX($N$11:$N$86,MATCH(I29,$A$11:$A$86,0)),0),IFERROR(INDEX($N$11:$N$86,MATCH(J29,$A$11:$A$86,0)),0),IFERROR(INDEX($N$11:$N$86,MATCH(K29,$A$11:$A$86,0)),0)) -> 46370 | M29: =IF(E29=0,IF(COUNTA(F29:K29)=0,$D$2,L29),WORKDAY.INTL(L29,1,$D$3,'לוח שנה וחגים'!$F$5:$F$20)) -> 46371 | N29: =IF(E29=0,M29,WORKDAY.INTL(M29,E29-1,$D$3,'לוח שנה וחגים'!$F$5:$F$20)) -> 46378 | O29: ● | P29: קבלן
A30: X010 | B30: הקמת פיגום חיצוני | C30: 01.09 | D30: 5 | E30: =IF(D30=0,0,MAX(1,ROUNDUP(D30/$D$5,0))) -> 5 | F30: S030 | G30: A017 | L30: =MAX($D$2-1,IFERROR(INDEX($N$11:$N$86,MATCH(F30,$A$11:$A$86,0)),0),IFERROR(INDEX($N$11:$N$86,MATCH(G30,$A$11:$A$86,0)),0),IFERROR(INDEX($N$11:$N$86,MATCH(H30,$A$11:$A$86,0)),0),IFERROR(INDEX($N$11:$N$86,MATCH(I30,$A$11:$A$86,0)),0),IFERROR(INDEX($N$11:$N$86,MATCH(J30,$A$11:$A$86,0)),0),IFERROR(INDEX($N$11:$N$86,MATCH(K30,$A$11:$A$86,0)),0)) -> 46359 | M30: =IF(E30=0,IF(COUNTA(F30:K30)=0,$D$2,L30),WORKDAY.INTL(L30,1,$D$3,'לוח שנה וחגים'!$F$5:$F$20)) -> 46362 | N30: =IF(E30=0,M30,WORKDAY.INTL(M30,E30-1,$D$3,'לוח שנה וחגים'!$F$5:$F$20)) -> 46366 | P30: קבלן
A31: X015 | B31: בדיקת הפיגום על ידי בודק מוסמך לפני תחילת עבודה | C31: 01.09 | D31: 1 | E31: =IF(D31=0,0,MAX(1,ROUNDUP(D31/$D$5,0))) -> 1 | F31: X010 | L31: =MAX($D$2-1,IFERROR(INDEX($N$11:$N$86,MATCH(F31,$A$11:$A$86,0)),0),IFERROR(INDEX($N$11:$N$86,MATCH(G31,$A$11:$A$86,0)),0),IFERROR(INDEX($N$11:$N$86,MATCH(H31,$A$11:$A$86,0)),0),IFERROR(INDEX($N$11:$N$86,MATCH(I31,$A$11:$A$86,0)),0),IFERROR(INDEX($N$11:$N$86,MATCH(J31,$A$11:$A$86,0)),0),IFERROR(INDEX($N$11:$N$86,MATCH(K31,$A$11:$A$86,0)),0)) -> 46366 | M31: =IF(E31=0,IF(COUNTA(F31:K31)=0,$D$2,L31),WORKDAY.INTL(L31,1,$D$3,'לוח שנה וחגים'!$F$5:$F$20)) -> 46369 | N31: =IF(E31=0,M31,WORKDAY.INTL(M31,E31-1,$D$3,'לוח שנה וחגים'!$F$5:$F$20)) -> 46369 | P31: קבלן
A32: D055 | B32: ניסור ופירוק מסגרות בטון דקורטיביות מהפיגום (באישור קונסטרוקטור והיתר, ככל שנדרש) | C32: 02.15 | D32: 6 | E32: =IF(D32=0,0,MAX(1,ROUNDUP(D32/$D$5,0))) -> 6 | F32: X015 | G32: D010 | H32: A015 | L32: =MAX($D$2-1,IFERROR(INDEX($N$11:$N$86,MATCH(F32,$A$11:$A$86,0)),0),IFERROR(INDEX($N$11:$N$86,MATCH(G32,$A$11:$A$86,0)),0),IFERROR(INDEX($N$11:$N$86,MATCH(H32,$A$11:$A$86,0)),0),IFERROR(INDEX($N$11:$N$86,MATCH(I32,$A$11:$A$86,0)),0),IFERROR(INDEX($N$11:$N$86,MATCH(J32,$A$11:$A$86,0)),0),IFERROR(INDEX($N$11:$N$86,MATCH(K32,$A$11:$A$86,0)),0)) -> 46370 | M32: =IF(E32=0,IF(COUNTA(F32:K32)=0,$D$2,L32),WORKDAY.INTL(L32,1,$D$3,'לוח שנה וחגים'!$F$5:$F$20)) -> 46371 | N32: =IF(E32=0,M32,WORKDAY.INTL(M32,E32-1,$D$3,'לוח שנה וחגים'!$F$5:$F$20)) -> 46378 | O32: ● | P32: קבלן
A33: D060 | B33: פירוק גרנוליט, מדרגות כניסה קיימות וצמחיית גינון | C33: 02.19–02.21 | D33: 7 | E33: =IF(D33=0,0,MAX(1,ROUNDUP(D33/$D$5,0))) -> 6 | F33: S030 | L33: =MAX($D$2-1,IFERROR(INDEX($N$11:$N$86,MATCH(F33,$A$11:$A$86,0)),0),IFERROR(INDEX($N$11:$N$86,MATCH(G33,$A$11:$A$86,0)),0),IFERROR(INDEX($N$11:$N$86,MATCH(H33,$A$11:$A$86,0)),0),IFERROR(INDEX($N$11:$N$86,MATCH(I33,$A$11:$A$86,0)),0),IFERROR(INDEX($N$11:$N$86,MATCH(J33,$A$11:$A$86,0)),0),IFERROR(INDEX($N$11:$N$86,MATCH(K33,$A$11:$A$86,0)),0)) -> 46359 | M33: =IF(E33=0,IF(COUNTA(F33:K33)=0,$D$2,L33),WORKDAY.INTL(L33,1,$D$3,'לוח שנה וחגים'!$F$5:$F$20)) -> 46362 | N33: =IF(E33=0,M33,WORKDAY.INTL(M33,E33-1,$D$3,'לוח שנה וחגים'!$F$5:$F$20)) -> 46369 | P33: קבלן
A34: D065 | B34: פינוי פסולת לאתר מורשה וניקיון יסודי | C34: 02.16, 02.17 | D34: 4 | E34: =IF(D34=0,0,MAX(1,ROUNDUP(D34/$D$5,0))) -> 4 | F34: D020 | G34: D030 | H34: D040 | I34: D050 | J34: D055 | K34: D060 | L34: =MAX($D$2-1,IFERROR(INDEX($N$11:$N$86,MATCH(F34,$A$11:$A$86,0)),0),IFERROR(INDEX($N$11:$N$86,MATCH(G34,$A$11:$A$86,0)),0),IFERROR(INDEX($N$11:$N$86,MATCH(H34,$A$11:$A$86,0)),0),IFERROR(INDEX($N$11:$N$86,MATCH(I34,$A$11:$A$86,0)),0),IFERROR(INDEX($N$11:$N$86,MATCH(J34,$A$11:$A$86,0)),0),IFERROR(INDEX($N$11:$N$86,MATCH(K34,$A$11:$A$86,0)),0)) -> 46378 | M34: =IF(E34=0,IF(COUNTA(F34:K34)=0,$D$2,L34),WORKDAY.INTL(L34,1,$D$3,'לוח שנה וחגים'!$F$5:$F$20)) -> 46379 | N34: =IF(E34=0,M34,WORKDAY.INTL(M34,E34-1,$D$3,'לוח שנה וחגים'!$F$5:$F$20)) -> 46384 | O34: ● | P34: קבלן
A35: D070 | B35: אישור קונסטרוקטור ומתכננת למעבר לבנייה | C35: — | D35: 2 | E35: =IF(D35=0,0,MAX(1,ROUNDUP(D35/$D$5,0))) -> 2 | F35: D065 | L35: =MAX($D$2-1,IFERROR(INDEX($N$11:$N$86,MATCH(F35,$A$11:$A$86,0)),0),IFERROR(INDEX($N$11:$N$86,MATCH(G35,$A$11:$A$86,0)),0),IFERROR(INDEX($N$11:$N$86,MATCH(H35,$A$11:$A$86,0)),0),IFERROR(INDEX($N$11:$N$86,MATCH(I35,$A$11:$A$86,0)),0),IFERROR(INDEX($N$11:$N$86,MATCH(J35,$A$11:$A$86,0)),0),IFERROR(INDEX($N$11:$N$86,MATCH(K35,$A$11:$A$86,0)),0)) -> 46384 | M35: =IF(E35=0,IF(COUNTA(F35:K35)=0,$D$2,L35),WORKDAY.INTL(L35,1,$D$3,'לוח שנה וחגים'!$F$5:$F$20)) -> 46385 | N35: =IF(E35=0,M35,WORKDAY.INTL(M35,E35-1,$D$3,'לוח שנה וחגים'!$F$5:$F$20)) -> 46386 | O35: ● | P35: קבלן
A36: שלד ותוספות מבניות
A37: K010 | B37: חיזוק גרם המדרגות הפנימי הקיים | C37: 03.04 | D37: 10 | E37: =IF(D37=0,0,MAX(1,ROUNDUP(D37/$D$5,0))) -> 9 | F37: D070 | L37: =MAX($D$2-1,IFERROR(INDEX($N$11:$N$86,MATCH(F37,$A$11:$A$86,0)),0),IFERROR(INDEX($N$11:$N$86,MATCH(G37,$A$11:$A$86,0)),0),IFERROR(INDEX($N$11:$N$86,MATCH(H37,$A$11:$A$86,0)),0),IFERROR(INDEX($N$11:$N$86,MATCH(I37,$A$11:$A$86,0)),0),IFERROR(INDEX($N$11:$N$86,MATCH(J37,$A$11:$A$86,0)),0),IFERROR(INDEX($N$11:$N$86,MATCH(K37,$A$11:$A$86,0)),0)) -> 46386 | M37: =IF(E37=0,IF(COUNTA(F37:K37)=0,$D$2,L37),WORKDAY.INTL(L37,1,$D$3,'לוח שנה וחגים'!$F$5:$F$20)) -> 46387 | N37: =IF(E37=0,M37,WORKDAY.INTL(M37,E37-1,$D$3,'לוח שנה וחגים'!$F$5:$F$20)) -> 46399 | P37: קבלן
A38: K020 | B38: שלד כניסה חדשה וגרם מדרגות | C38: 03.03 | D38: 15 | E38: =IF(D38=0,0,MAX(1,ROUNDUP(D38/$D$5,0))) -> 13 | F38: D070 | G38: A015 | L38: =MAX($D$2-1,IFERROR(INDEX($N$11:$N$86,MATCH(F38,$A$11:$A$86,0)),0),IFERROR(INDEX($N$11:$N$86,MATCH(G38,$A$11:$A$86,0)),0),IFERROR(INDEX($N$11:$N$86,MATCH(H38,$A$11:$A$86,0)),0),IFERROR(INDEX($N$11:$N$86,MATCH(I38,$A$11:$A$86,0)),0),IFERROR(INDEX($N$11:$N$86,MATCH(J38,$A$11:$A$86,0)),0),IFERROR(INDEX($N$11:$N$86,MATCH(K38,$A$11:$A$86,0)),0)) -> 46386 | M38: =IF(E38=0,IF(COUNTA(F38:K38)=0,$D$2,L38),WORKDAY.INTL(L38,1,$D$3,'לוח שנה וחגים'!$F$5:$F$20)) -> 46387 | N38: =IF(E38=0,M38,WORKDAY.INTL(M38,E38-1,$D$3,'לוח שנה וחגים'!$F$5:$F$20)) -> 46405 | P38: קבלן
A39: K025 | B39: מדרגות כניסה מרחפות (12 מדרגות) | C39: 03.05 | D39: 8 | E39: =IF(D39=0,0,MAX(1,ROUNDUP(D39/$D$5,0))) -> 7 | F39: K020 | L39: =MAX($D$2-1,IFERROR(INDEX($N$11:$N$86,MATCH(F39,$A$11:$A$86,0)),0),IFERROR(INDEX($N$11:$N$86,MATCH(G39,$A$11:$A$86,0)),0),IFERROR(INDEX($N$11:$N$86,MATCH(H39,$A$11:$A$86,0)),0),IFERROR(INDEX($N$11:$N$86,MATCH(I39,$A$11:$A$86,0)),0),IFERROR(INDEX($N$11:$N$86,MATCH(J39,$A$11:$A$86,0)),0),IFERROR(INDEX($N$11:$N$86,MATCH(K39,$A$11:$A$86,0)),0)) -> 46405 | M39: =IF(E39=0,IF(COUNTA(F39:K39)=0,$D$2,L39),WORKDAY.INTL(L39,1,$D$3,'לוח שנה וחגים'!$F$5:$F$20)) -> 46406 | N39: =IF(E39=0,M39,WORKDAY.INTL(M39,E39-1,$D$3,'לוח שנה וחגים'!$F$5:$F$20)) -> 46414 | P39: קבלן
A40: K030 | B40: הגדלת מרפסת הסלון ותוספת פרגולה | C40: 03.01 | D40: 28 | E40: =IF(D40=0,0,MAX(1,ROUNDUP(D40/$D$5,0))) -> 24 | F40: D070 | G40: A015 | L40: =MAX($D$2-1,IFERROR(INDEX($N$11:$N$86,MATCH(F40,$A$11:$A$86,0)),0),IFERROR(INDEX($N$11:$N$86,MATCH(G40,$A$11:$A$86,0)),0),IFERROR(INDEX($N$11:$N$86,MATCH(H40,$A$11:$A$86,0)),0),IFERROR(INDEX($N$11:$N$86,MATCH(I40,$A$11:$A$86,0)),0),IFERROR(INDEX($N$11:$N$86,MATCH(J40,$A$11:$A$86,0)),0),IFERROR(INDEX($N$11:$N$86,MATCH(K40,$A$11:$A$86,0)),0)) -> 46386 | M40: =IF(E40=0,IF(COUNTA(F40:K40)=0,$D$2,L40),WORKDAY.INTL(L40,1,$D$3,'לוח שנה וחגים'!$F$5:$F$20)) -> 46387 | N40: =IF(E40=0,M40,WORKDAY.INTL(M40,E40-1,$D$3,'לוח שנה וחגים'!$F$5:$F$20)) -> 46420 | P40: קבלן
A41: K040 | B41: תוספת חדר בקומת הגלריה | C41: 03.02 | D41: 35 | E41: =IF(D41=0,0,MAX(1,ROUNDUP(D41/$D$5,0))) -> 30 | F41: D070 | G41: A015 | L41: =MAX($D$2-1,IFERROR(INDEX($N$11:$N$86,MATCH(F41,$A$11:$A$86,0)),0),IFERROR(INDEX($N$11:$N$86,MATCH(G41,$A$11:$A$86,0)),0),IFERROR(INDEX($N$11:$N$86,MATCH(H41,$A$11:$A$86,0)),0),IFERROR(INDEX($N$11:$N$86,MATCH(I41,$A$11:$A$86,0)),0),IFERROR(INDEX($N$11:$N$86,MATCH(J41,$A$11:$A$86,0)),0),IFERROR(INDEX($N$11:$N$86,MATCH(K41,$A$11:$A$86,0)),0)) -> 46386 | M41: =IF(E41=0,IF(COUNTA(F41:K41)=0,$D$2,L41),WORKDAY.INTL(L41,1,$D$3,'לוח שנה וחגים'!$F$5:$F$20)) -> 46387 | N41: =IF(E41=0,M41,WORKDAY.INTL(M41,E41-1,$D$3,'לוח שנה וחגים'!$F$5:$F$20)) -> 46428 | O41: ● | P41: קבלן
A42: K050 | B42: אישור קונסטרוקטור: השלד הושלם | C42: — | D42: 2 | E42: =IF(D42=0,0,MAX(1,ROUNDUP(D42/$D$5,0))) -> 2 | F42: K010 | G42: K020 | H42: K025 | I42: K030 | J42: K040 | L42: =MAX($D$2-1,IFERROR(INDEX($N$11:$N$86,MATCH(F42,$A$11:$A$86,0)),0),IFERROR(INDEX($N$11:$N$86,MATCH(G42,$A$11:$A$86,0)),0),IFERROR(INDEX($N$11:$N$86,MATCH(H42,$A$11:$A$86,0)),0),IFERROR(INDEX($N$11:$N$86,MATCH(I42,$A$11:$A$86,0)),0),IFERROR(INDEX($N$11:$N$86,MATCH(J42,$A$11:$A$86,0)),0),IFERROR(INDEX($N$11:$N$86,MATCH(K42,$A$11:$A$86,0)),0)) -> 46428 | M42: =IF(E42=0,IF(COUNTA(F42:K42)=0,$D$2,L42),WORKDAY.INTL(L42,1,$D$3,'לוח שנה וחגים'!$F$5:$F$20)) -> 46429 | N42: =IF(E42=0,M42,WORKDAY.INTL(M42,E42-1,$D$3,'לוח שנה וחגים'!$F$5:$F$20)) -> 46432 | O42: ● | P42: קבלן
A43: תשתיות מוסתרות
A44: B010 | B44: קירות בלוקים (26 מ"ר) | C44: 04.01–04.03 | D44: 4 | E44: =IF(D44=0,0,MAX(1,ROUNDUP(D44/$D$5,0))) -> 4 | F44: D070 | L44: =MAX($D$2-1,IFERROR(INDEX($N$11:$N$86,MATCH(F44,$A$11:$A$86,0)),0),IFERROR(INDEX($N$11:$N$86,MATCH(G44,$A$11:$A$86,0)),0),IFERROR(INDEX($N$11:$N$86,MATCH(H44,$A$11:$A$86,0)),0),IFERROR(INDEX($N$11:$N$86,MATCH(I44,$A$11:$A$86,0)),0),IFERROR(INDEX($N$11:$N$86,MATCH(J44,$A$11:$A$86,0)),0),IFERROR(INDEX($N$11:$N$86,MATCH(K44,$A$11:$A$86,0)),0)) -> 46386 | M44: =IF(E44=0,IF(COUNTA(F44:K44)=0,$D$2,L44),WORKDAY.INTL(L44,1,$D$3,'לוח שנה וחגים'!$F$5:$F$20)) -> 46387 | N44: =IF(E44=0,M44,WORKDAY.INTL(M44,E44-1,$D$3,'לוח שנה וחגים'!$F$5:$F$20)) -> 46392 | P44: קבלן
A45: P010 | B45: אינסטלציה – שלב ראשון: נקודות, קווי אספקה וביוב | C45: 05.25–05.33 | D45: 20 | E45: =IF(D45=0,0,MAX(1,ROUNDUP(D45/$D$5,0))) -> 17 | F45: D070 | G45: B010 | L45: =MAX($D$2-1,IFERROR(INDEX($N$11:$N$86,MATCH(F45,$A$11:$A$86,0)),0),IFERROR(INDEX($N$11:$N$86,MATCH(G45,$A$11:$A$86,0)),0),IFERROR(INDEX($N$11:$N$86,MATCH(H45,$A$11:$A$86,0)),0),IFERROR(INDEX($N$11:$N$86,MATCH(I45,$A$11:$A$86,0)),0),IFERROR(INDEX($N$11:$N$86,MATCH(J45,$A$11:$A$86,0)),0),IFERROR(INDEX($N$11:$N$86,MATCH(K45,$A$11:$A$86,0)),0)) -> 46392 | M45: =IF(E45=0,IF(COUNTA(F45:K45)=0,$D$2,L45),WORKDAY.INTL(L45,1,$D$3,'לוח שנה וחגים'!$F$5:$F$20)) -> 46393 | N45: =IF(E45=0,M45,WORKDAY.INTL(M45,E45-1,$D$3,'לוח שנה וחגים'!$F$5:$F$20)) -> 46415 | P45: קבלן
A46: E010 | B46: חשמל – שלב ראשון: צנרת, נקודות והרחבת לוח | C46: 06.01–06.06, 06.10, 06.11, 07.11, 07.20 | D46: 20 | E46: =IF(D46=0,0,MAX(1,ROUNDUP(D46/$D$5,0))) -> 17 | F46: D070 | G46: B010 | L46: =MAX($D$2-1,IFERROR(INDEX($N$11:$N$86,MATCH(F46,$A$11:$A$86,0)),0),IFERROR(INDEX($N$11:$N$86,MATCH(G46,$A$11:$A$86,0)),0),IFERROR(INDEX($N$11:$N$86,MATCH(H46,$A$11:$A$86,0)),0),IFERROR(INDEX($N$11:$N$86,MATCH(I46,$A$11:$A$86,0)),0),IFERROR(INDEX($N$11:$N$86,MATCH(J46,$A$11:$A$86,0)),0),IFERROR(INDEX($N$11:$N$86,MATCH(K46,$A$11:$A$86,0)),0)) -> 46392 | M46: =IF(E46=0,IF(COUNTA(F46:K46)=0,$D$2,L46),WORKDAY.INTL(L46,1,$D$3,'לוח שנה וחגים'!$F$5:$F$20)) -> 46393 | N46: =IF(E46=0,M46,WORKDAY.INTL(M46,E46-1,$D$3,'לוח שנה וחגים'!$F$5:$F$20)) -> 46415 | P46: קבלן
A47: Q010 | B47: בדיקות לחץ ואטימות באינסטלציה ואישור מתכננת | C47: 05.35 | D47: 3 | E47: =IF(D47=0,0,MAX(1,ROUNDUP(D47/$D$5,0))) -> 3 | F47: P010 | L47: =MAX($D$2-1,IFERROR(INDEX($N$11:$N$86,MATCH(F47,$A$11:$A$86,0)),0),IFERROR(INDEX($N$11:$N$86,MATCH(G47,$A$11:$A$86,0)),0),IFERROR(INDEX($N$11:$N$86,MATCH(H47,$A$11:$A$86,0)),0),IFERROR(INDEX($N$11:$N$86,MATCH(I47,$A$11:$A$86,0)),0),IFERROR(INDEX($N$11:$N$86,MATCH(J47,$A$11:$A$86,0)),0),IFERROR(INDEX($N$11:$N$86,MATCH(K47,$A$11:$A$86,0)),0)) -> 46415 | M47: =IF(E47=0,IF(COUNTA(F47:K47)=0,$D$2,L47),WORKDAY.INTL(L47,1,$D$3,'לוח שנה וחגים'!$F$5:$F$20)) -> 46418 | N47: =IF(E47=0,M47,WORKDAY.INTL(M47,E47-1,$D$3,'לוח שנה וחגים'!$F$5:$F$20)) -> 46420 | P47: קבלן
A48: Q020 | B48: בדיקת חשמלאי בודק לתשתיות, הארקה ומפסק פחת | C48: 06.09 | D48: 3 | E48: =IF(D48=0,0,MAX(1,ROUNDUP(D48/$D$5,0))) -> 3 | F48: E010 | L48: =MAX($D$2-1,IFERROR(INDEX($N$11:$N$86,MATCH(F48,$A$11:$A$86,0)),0),IFERROR(INDEX($N$11:$N$86,MATCH(G48,$A$11:$A$86,0)),0),IFERROR(INDEX($N$11:$N$86,MATCH(H48,$A$11:$A$86,0)),0),IFERROR(INDEX($N$11:$N$86,MATCH(I48,$A$11:$A$86,0)),0),IFERROR(INDEX($N$11:$N$86,MATCH(J48,$A$11:$A$86,0)),0),IFERROR(INDEX($N$11:$N$86,MATCH(K48,$A$11:$A$86,0)),0)) -> 46415 | M48: =IF(E48=0,IF(COUNTA(F48:K48)=0,$D$2,L48),WORKDAY.INTL(L48,1,$D$3,'לוח שנה וחגים'!$F$5:$F$20)) -> 46418 | N48: =IF(E48=0,M48,WORKDAY.INTL(M48,E48-1,$D$3,'לוח שנה וחגים'!$F$5:$F$20)) -> 46420 | P48: קבלן
A49: גבס ואיטום
A50: G010 | B50: מחיצות גבס עם בידוד אקוסטי (133 מ"ר) | C50: 09.01–09.03 | D50: 12 | E50: =IF(D50=0,0,MAX(1,ROUNDUP(D50/$D$5,0))) -> 11 | F50: Q010 | G50: Q020 | H50: K050 | L50: =MAX($D$2-1,IFERROR(INDEX($N$11:$N$86,MATCH(F50,$A$11:$A$86,0)),0),IFERROR(INDEX($N$11:$N$86,MATCH(G50,$A$11:$A$86,0)),0),IFERROR(INDEX($N$11:$N$86,MATCH(H50,$A$11:$A$86,0)),0),IFERROR(INDEX($N$11:$N$86,MATCH(I50,$A$11:$A$86,0)),0),IFERROR(INDEX($N$11:$N$86,MATCH(J50,$A$11:$A$86,0)),0),IFERROR(INDEX($N$11:$N$86,MATCH(K50,$A$11:$A$86,0)),0)) -> 46432 | M50: =IF(E50=0,IF(COUNTA(F50:K50)=0,$D$2,L50),WORKDAY.INTL(L50,1,$D$3,'לוח שנה וחגים'!$F$5:$F$20)) -> 46433 | N50: =IF(E50=0,M50,WORKDAY.INTL(M50,E50-1,$D$3,'לוח שנה וחגים'!$F$5:$F$20)) -> 46447 | O50: ● | P50: קבלן
A51: G020 | B51: תקרות גבס תלויות (33 מ"ר) | C51: 09.04 | D51: 6 | E51: =IF(D51=0,0,MAX(1,ROUNDUP(D51/$D$5,0))) -> 6 | F51: G010 | L51: =MAX($D$2-1,IFERROR(INDEX($N$11:$N$86,MATCH(F51,$A$11:$A$86,0)),0),IFERROR(INDEX($N$11:$N$86,MATCH(G51,$A$11:$A$86,0)),0),IFERROR(INDEX($N$11:$N$86,MATCH(H51,$A$11:$A$86,0)),0),IFERROR(INDEX($N$11:$N$86,MATCH(I51,$A$11:$A$86,0)),0),IFERROR(INDEX($N$11:$N$86,MATCH(J51,$A$11:$A$86,0)),0),IFERROR(INDEX($N$11:$N$86,MATCH(K51,$A$11:$A$86,0)),0)) -> 46447 | M51: =IF(E51=0,IF(COUNTA(F51:K51)=0,$D$2,L51),WORKDAY.INTL(L51,1,$D$3,'לוח שנה וחגים'!$F$5:$F$20)) -> 46448 | N51: =IF(E51=0,M51,WORKDAY.INTL(M51,E51-1,$D$3,'לוח שנה וחגים'!$F$5:$F$20)) -> 46455 | O51: ● | P51: קבלן
A52: G030 | B52: בדיקת גבס ואישור | C52: — | D52: 2 | E52: =IF(D52=0,0,MAX(1,ROUNDUP(D52/$D$5,0))) -> 2 | F52: G020 | L52: =MAX($D$2-1,IFERROR(INDEX($N$11:$N$86,MATCH(F52,$A$11:$A$86,0)),0),IFERROR(INDEX($N$11:$N$86,MATCH(G52,$A$11:$A$86,0)),0),IFERROR(INDEX($N$11:$N$86,MATCH(H52,$A$11:$A$86,0)),0),IFERROR(INDEX($N$11:$N$86,MATCH(I52,$A$11:$A$86,0)),0),IFERROR(INDEX($N$11:$N$86,MATCH(J52,$A$11:$A$86,0)),0),IFERROR(INDEX($N$11:$N$86,MATCH(K52,$A$11:$A$86,0)),0)) -> 46455 | M52: =IF(E52=0,IF(COUNTA(F52:K52)=0,$D$2,L52),WORKDAY.INTL(L52,1,$D$3,'לוח שנה וחגים'!$F$5:$F$20)) -> 46456 | N52: =IF(E52=0,M52,WORKDAY.INTL(M52,E52-1,$D$3,'לוח שנה וחגים'!$F$5:$F$20)) -> 46457 | O52: ● | P52: קבלן
A53: W010 | B53: איטום קירות חדרים רטובים (186 מ"ר) | C53: 10.01 | D53: 6 | E53: =IF(D53=0,0,MAX(1,ROUNDUP(D53/$D$5,0))) -> 6 | F53: Q010 | G53: B010 | L53: =MAX($D$2-1,IFERROR(INDEX($N$11:$N$86,MATCH(F53,$A$11:$A$86,0)),0),IFERROR(INDEX($N$11:$N$86,MATCH(G53,$A$11:$A$86,0)),0),IFERROR(INDEX($N$11:$N$86,MATCH(H53,$A$11:$A$86,0)),0),IFERROR(INDEX($N$11:$N$86,MATCH(I53,$A$11:$A$86,0)),0),IFERROR(INDEX($N$11:$N$86,MATCH(J53,$A$11:$A$86,0)),0),IFERROR(INDEX($N$11:$N$86,MATCH(K53,$A$11:$A$86,0)),0)) -> 46420 | M53: =IF(E53=0,IF(COUNTA(F53:K53)=0,$D$2,L53),WORKDAY.INTL(L53,1,$D$3,'לוח שנה וחגים'!$F$5:$F$20)) -> 46421 | N53: =IF(E53=0,M53,WORKDAY.INTL(M53,E53-1,$D$3,'לוח שנה וחגים'!$F$5:$F$20)) -> 46428 | P53: קבלן
A54: W020 | B54: איטום מרפסות (52.7 מ"ר) | C54: 10.04 | D54: 6 | E54: =IF(D54=0,0,MAX(1,ROUNDUP(D54/$D$5,0))) -> 6 | F54: K030 | G54: Q010 | L54: =MAX($D$2-1,IFERROR(INDEX($N$11:$N$86,MATCH(F54,$A$11:$A$86,0)),0),IFERROR(INDEX($N$11:$N$86,MATCH(G54,$A$11:$A$86,0)),0),IFERROR(INDEX($N$11:$N$86,MATCH(H54,$A$11:$A$86,0)),0),IFERROR(INDEX($N$11:$N$86,MATCH(I54,$A$11:$A$86,0)),0),IFERROR(INDEX($N$11:$N$86,MATCH(J54,$A$11:$A$86,0)),0),IFERROR(INDEX($N$11:$N$86,MATCH(K54,$A$11:$A$86,0)),0)) -> 46420 | M54: =IF(E54=0,IF(COUNTA(F54:K54)=0,$D$2,L54),WORKDAY.INTL(L54,1,$D$3,'לוח שנה וחגים'!$F$5:$F$20)) -> 46421 | N54: =IF(E54=0,M54,WORKDAY.INTL(M54,E54-1,$D$3,'לוח שנה וחגים'!$F$5:$F$20)) -> 46428 | P54: קבלן
A55: W030 | B55: בדיקות הצפה לחדרים רטובים ולמרפסות | C55: 10.03 | D55: 3 | E55: =IF(D55=0,0,MAX(1,ROUNDUP(D55/$D$5,0))) -> 3 | F55: W010 | G55: W020 | L55: =MAX($D$2-1,IFERROR(INDEX($N$11:$N$86,MATCH(F55,$A$11:$A$86,0)),0),IFERROR(INDEX($N$11:$N$86,MATCH(G55,$A$11:$A$86,0)),0),IFERROR(INDEX($N$11:$N$86,MATCH(H55,$A$11:$A$86,0)),0),IFERROR(INDEX($N$11:$N$86,MATCH(I55,$A$11:$A$86,0)),0),IFERROR(INDEX($N$11:$N$86,MATCH(J55,$A$11:$A$86,0)),0),IFERROR(INDEX($N$11:$N$86,MATCH(K55,$A$11:$A$86,0)),0)) -> 46428 | M55: =IF(E55=0,IF(COUNTA(F55:K55)=0,$D$2,L55),WORKDAY.INTL(L55,1,$D$3,'לוח שנה וחגים'!$F$5:$F$20)) -> 46429 | N55: =IF(E55=0,M55,WORKDAY.INTL(M55,E55-1,$D$3,'לוח שנה וחגים'!$F$5:$F$20)) -> 46433 | P55: קבלן
A56: W040 | B56: אישור יועץ האיטום בכתב | C56: — | D56: 1 | E56: =IF(D56=0,0,MAX(1,ROUNDUP(D56/$D$5,0))) -> 1 | F56: W030 | L56: =MAX($D$2-1,IFERROR(INDEX($N$11:$N$86,MATCH(F56,$A$11:$A$86,0)),0),IFERROR(INDEX($N$11:$N$86,MATCH(G56,$A$11:$A$86,0)),0),IFERROR(INDEX($N$11:$N$86,MATCH(H56,$A$11:$A$86,0)),0),IFERROR(INDEX($N$11:$N$86,MATCH(I56,$A$11:$A$86,0)),0),IFERROR(INDEX($N$11:$N$86,MATCH(J56,$A$11:$A$86,0)),0),IFERROR(INDEX($N$11:$N$86,MATCH(K56,$A$11:$A$86,0)),0)) -> 46433 | M56: =IF(E56=0,IF(COUNTA(F56:K56)=0,$D$2,L56),WORKDAY.INTL(L56,1,$D$3,'לוח שנה וחגים'!$F$5:$F$20)) -> 46434 | N56: =IF(E56=0,M56,WORKDAY.INTL(M56,E56-1,$D$3,'לוח שנה וחגים'!$F$5:$F$20)) -> 46434 | P56: קבלן
A57: חזית ופיתוח חיצוני
A58: EXT1 | B58: על ידי אחרים: אלומיניום ודלתות – אספקה והתקנה | C58: (מחוץ להיקף) | D58: 40 | E58: =IF(D58=0,0,MAX(1,ROUNDUP(D58/$D$5,0))) -> 34 | F58: D070 | L58: =MAX($D$2-1,IFERROR(INDEX($N$11:$N$86,MATCH(F58,$A$11:$A$86,0)),0),IFERROR(INDEX($N$11:$N$86,MATCH(G58,$A$11:$A$86,0)),0),IFERROR(INDEX($N$11:$N$86,MATCH(H58,$A$11:$A$86,0)),0),IFERROR(INDEX($N$11:$N$86,MATCH(I58,$A$11:$A$86,0)),0),IFERROR(INDEX($N$11:$N$86,MATCH(J58,$A$11:$A$86,0)),0),IFERROR(INDEX($N$11:$N$86,MATCH(K58,$A$11:$A$86,0)),0)) -> 46386 | M58: =IF(E58=0,IF(COUNTA(F58:K58)=0,$D$2,L58),WORKDAY.INTL(L58,1,$D$3,'לוח שנה וחגים'!$F$5:$F$20)) -> 46387 | N58: =IF(E58=0,M58,WORKDAY.INTL(M58,E58-1,$D$3,'לוח שנה וחגים'!$F$5:$F$20)) -> 46434 | P58: אחרים / מזמין / רשות
A59: X020 | B59: הכנת תשתית וטיח צבעוני לחזיתות (225 מ"ר) | C59: 14.01 | D59: 20 | E59: =IF(D59=0,0,MAX(1,ROUNDUP(D59/$D$5,0))) -> 17 | F59: X015 | G59: EXT1 | H59: D055 | L59: =MAX($D$2-1,IFERROR(INDEX($N$11:$N$86,MATCH(F59,$A$11:$A$86,0)),0),IFERROR(INDEX($N$11:$N$86,MATCH(G59,$A$11:$A$86,0)),0),IFERROR(INDEX($N$11:$N$86,MATCH(H59,$A$11:$A$86,0)),0),IFERROR(INDEX($N$11:$N$86,MATCH(I59,$A$11:$A$86,0)),0),IFERROR(INDEX($N$11:$N$86,MATCH(J59,$A$11:$A$86,0)),0),IFERROR(INDEX($N$11:$N$86,MATCH(K59,$A$11:$A$86,0)),0)) -> 46434 | M59: =IF(E59=0,IF(COUNTA(F59:K59)=0,$D$2,L59),WORKDAY.INTL(L59,1,$D$3,'לוח שנה וחגים'!$F$5:$F$20)) -> 46435 | N59: =IF(E59=0,M59,WORKDAY.INTL(M59,E59-1,$D$3,'לוח שנה וחגים'!$F$5:$F$20)) -> 46457 | P59: קבלן
A60: Z010 | B60: אדני חלונות ואיטום חלונות | C60: 12.01, 12.02, 12.04 | D60: 8 | E60: =IF(D60=0,0,MAX(1,ROUNDUP(D60/$D$5,0))) -> 7 | F60: EXT1 | G60: X020 | L60: =MAX($D$2-1,IFERROR(INDEX($N$11:$N$86,MATCH(F60,$A$11:$A$86,0)),0),IFERROR(INDEX($N$11:$N$86,MATCH(G60,$A$11:$A$86,0)),0),IFERROR(INDEX($N$11:$N$86,MATCH(H60,$A$11:$A$86,0)),0),IFERROR(INDEX($N$11:$N$86,MATCH(I60,$A$11:$A$86,0)),0),IFERROR(INDEX($N$11:$N$86,MATCH(J60,$A$11:$A$86,0)),0),IFERROR(INDEX($N$11:$N$86,MATCH(K60,$A$11:$A$86,0)),0)) -> 46457 | M60: =IF(E60=0,IF(COUNTA(F60:K60)=0,$D$2,L60),WORKDAY.INTL(L60,1,$D$3,'לוח שנה וחגים'!$F$5:$F$20)) -> 46460 | N60: =IF(E60=0,M60,WORKDAY.INTL(M60,E60-1,$D$3,'לוח שנה וחגים'!$F$5:$F$20)) -> 46468 | P60: קבלן
A61: X030 | B61: פירוק הפיגום | C61: 01.09 | D61: 4 | E61: =IF(D61=0,0,MAX(1,ROUNDUP(D61/$D$5,0))) -> 4 | F61: X020 | G61: Z010 | L61: =MAX($D$2-1,IFERROR(INDEX($N$11:$N$86,MATCH(F61,$A$11:$A$86,0)),0),IFERROR(INDEX($N$11:$N$86,MATCH(G61,$A$11:$A$86,0)),0),IFERROR(INDEX($N$11:$N$86,MATCH(H61,$A$11:$A$86,0)),0),IFERROR(INDEX($N$11:$N$86,MATCH(I61,$A$11:$A$86,0)),0),IFERROR(INDEX($N$11:$N$86,MATCH(J61,$A$11:$A$86,0)),0),IFERROR(INDEX($N$11:$N$86,MATCH(K61,$A$11:$A$86,0)),0)) -> 46468 | M61: =IF(E61=0,IF(COUNTA(F61:K61)=0,$D$2,L61),WORKDAY.INTL(L61,1,$D$3,'לוח שנה וחגים'!$F$5:$F$20)) -> 46469 | N61: =IF(E61=0,M61,WORKDAY.INTL(M61,E61-1,$D$3,'לוח שנה וחגים'!$F$5:$F$20)) -> 46474 | P61: קבלן
A62: גמרי פנים והתקנות
A63: F010 | B63: תיקוני טיח ושפכטל בפנים (576 מ"ר; שפכטל אמריקאי לחללים ציבוריים) | C63: 14.02, 14.03 | D63: 12 | E63: =IF(D63=0,0,MAX(1,ROUNDUP(D63/$D$5,0))) -> 11 | F63: G030 | G63: EXT1 | L63: =MAX($D$2-1,IFERROR(INDEX($N$11:$N$86,MATCH(F63,$A$11:$A$86,0)),0),IFERROR(INDEX($N$11:$N$86,MATCH(G63,$A$11:$A$86,0)),0),IFERROR(INDEX($N$11:$N$86,MATCH(H63,$A$11:$A$86,0)),0),IFERROR(INDEX($N$11:$N$86,MATCH(I63,$A$11:$A$86,0)),0),IFERROR(INDEX($N$11:$N$86,MATCH(J63,$A$11:$A$86,0)),0),IFERROR(INDEX($N$11:$N$86,MATCH(K63,$A$11:$A$86,0)),0)) -> 46457 | M63: =IF(E63=0,IF(COUNTA(F63:K63)=0,$D$2,L63),WORKDAY.INTL(L63,1,$D$3,'לוח שנה וחגים'!$F$5:$F$20)) -> 46460 | N63: =IF(E63=0,M63,WORKDAY.INTL(M63,E63-1,$D$3,'לוח שנה וחגים'!$F$5:$F$20)) -> 46474 | P63: קבלן
A64: T010 | B64: ריצוף פנים 120×120 ו-120×60 ס"מ | C64: 13.01, 13.02 | D64: 14 | E64: =IF(D64=0,0,MAX(1,ROUNDUP(D64/$D$5,0))) -> 12 | F64: W040 | G64: G030 | H64: A055 | L64: =MAX($D$2-1,IFERROR(INDEX($N$11:$N$86,MATCH(F64,$A$11:$A$86,0)),0),IFERROR(INDEX($N$11:$N$86,MATCH(G64,$A$11:$A$86,0)),0),IFERROR(INDEX($N$11:$N$86,MATCH(H64,$A$11:$A$86,0)),0),IFERROR(INDEX($N$11:$N$86,MATCH(I64,$A$11:$A$86,0)),0),IFERROR(INDEX($N$11:$N$86,MATCH(J64,$A$11:$A$86,0)),0),IFERROR(INDEX($N$11:$N$86,MATCH(K64,$A$11:$A$86,0)),0)) -> 46457 | M64: =IF(E64=0,IF(COUNTA(F64:K64)=0,$D$2,L64),WORKDAY.INTL(L64,1,$D$3,'לוח שנה וחגים'!$F$5:$F$20)) -> 46460 | N64: =IF(E64=0,M64,WORKDAY.INTL(M64,E64-1,$D$3,'לוח שנה וחגים'!$F$5:$F$20)) -> 46475 | O64: ● | P64: קבלן
A65: T020 | B65: חיפוי קירות מקלחות (121 מ"ר) | C65: 13.03 | D65: 8 | E65: =IF(D65=0,0,MAX(1,ROUNDUP(D65/$D$5,0))) -> 7 | F65: W040 | G65: A055 | L65: =MAX($D$2-1,IFERROR(INDEX($N$11:$N$86,MATCH(F65,$A$11:$A$86,0)),0),IFERROR(INDEX($N$11:$N$86,MATCH(G65,$A$11:$A$86,0)),0),IFERROR(INDEX($N$11:$N$86,MATCH(H65,$A$11:$A$86,0)),0),IFERROR(INDEX($N$11:$N$86,MATCH(I65,$A$11:$A$86,0)),0),IFERROR(INDEX($N$11:$N$86,MATCH(J65,$A$11:$A$86,0)),0),IFERROR(INDEX($N$11:$N$86,MATCH(K65,$A$11:$A$86,0)),0)) -> 46434 | M65: =IF(E65=0,IF(COUNTA(F65:K65)=0,$D$2,L65),WORKDAY.INTL(L65,1,$D$3,'לוח שנה וחגים'!$F$5:$F$20)) -> 46435 | N65: =IF(E65=0,M65,WORKDAY.INTL(M65,E65-1,$D$3,'לוח שנה וחגים'!$F$5:$F$20)) -> 46443 | P65: קבלן
A66: T030 | B66: ריצוף חוץ ומרפסות R11 (264 מ"ר) | C66: 13.05 | D66: 16 | E66: =IF(D66=0,0,MAX(1,ROUNDUP(D66/$D$5,0))) -> 14 | F66: W030 | G66: A055 | L66: =MAX($D$2-1,IFERROR(INDEX($N$11:$N$86,MATCH(F66,$A$11:$A$86,0)),0),IFERROR(INDEX($N$11:$N$86,MATCH(G66,$A$11:$A$86,0)),0),IFERROR(INDEX($N$11:$N$86,MATCH(H66,$A$11:$A$86,0)),0),IFERROR(INDEX($N$11:$N$86,MATCH(I66,$A$11:$A$86,0)),0),IFERROR(INDEX($N$11:$N$86,MATCH(J66,$A$11:$A$86,0)),0),IFERROR(INDEX($N$11:$N$86,MATCH(K66,$A$11:$A$86,0)),0)) -> 46433 | M66: =IF(E66=0,IF(COUNTA(F66:K66)=0,$D$2,L66),WORKDAY.INTL(L66,1,$D$3,'לוח שנה וחגים'!$F$5:$F$20)) -> 46434 | N66: =IF(E66=0,M66,WORKDAY.INTL(M66,E66-1,$D$3,'לוח שנה וחגים'!$F$5:$F$20)) -> 46453 | P66: קבלן
A67: T040 | B67: חיפוי מדרגות (פנים וכניסה) ופנלים | C67: 13.04, 13.07, 13.08 | D67: 8 | E67: =IF(D67=0,0,MAX(1,ROUNDUP(D67/$D$5,0))) -> 7 | F67: T010 | G67: K050 | H67: K025 | I67: A055 | L67: =MAX($D$2-1,IFERROR(INDEX($N$11:$N$86,MATCH(F67,$A$11:$A$86,0)),0),IFERROR(INDEX($N$11:$N$86,MATCH(G67,$A$11:$A$86,0)),0),IFERROR(INDEX($N$11:$N$86,MATCH(H67,$A$11:$A$86,0)),0),IFERROR(INDEX($N$11:$N$86,MATCH(I67,$A$11:$A$86,0)),0),IFERROR(INDEX($N$11:$N$86,MATCH(J67,$A$11:$A$86,0)),0),IFERROR(INDEX($N$11:$N$86,MATCH(K67,$A$11:$A$86,0)),0)) -> 46475 | M67: =IF(E67=0,IF(COUNTA(F67:K67)=0,$D$2,L67),WORKDAY.INTL(L67,1,$D$3,'לוח שנה וחגים'!$F$5:$F$20)) -> 46476 | N67: =IF(E67=0,M67,WORKDAY.INTL(M67,E67-1,$D$3,'לוח שנה וחגים'!$F$5:$F$20)) -> 46484 | P67: קבלן
A68: E030 | B68: התקנת גופי תאורה וספוטים | C68: 07.03–07.19 | D68: 12 | E68: =IF(D68=0,0,MAX(1,ROUNDUP(D68/$D$5,0))) -> 11 | F68: F010 | G68: T010 | H68: A050 | L68: =MAX($D$2-1,IFERROR(INDEX($N$11:$N$86,MATCH(F68,$A$11:$A$86,0)),0),IFERROR(INDEX($N$11:$N$86,MATCH(G68,$A$11:$A$86,0)),0),IFERROR(INDEX($N$11:$N$86,MATCH(H68,$A$11:$A$86,0)),0),IFERROR(INDEX($N$11:$N$86,MATCH(I68,$A$11:$A$86,0)),0),IFERROR(INDEX($N$11:$N$86,MATCH(J68,$A$11:$A$86,0)),0),IFERROR(INDEX($N$11:$N$86,MATCH(K68,$A$11:$A$86,0)),0)) -> 46475 | M68: =IF(E68=0,IF(COUNTA(F68:K68)=0,$D$2,L68),WORKDAY.INTL(L68,1,$D$3,'לוח שנה וחגים'!$F$5:$F$20)) -> 46476 | N68: =IF(E68=0,M68,WORKDAY.INTL(M68,E68-1,$D$3,'לוח שנה וחגים'!$F$5:$F$20)) -> 46490 | O68: ● | P68: קבלן
A69: F020 | B69: צבע סופי | C69: 14.02 | D69: 15 | E69: =IF(D69=0,0,MAX(1,ROUNDUP(D69/$D$5,0))) -> 13 | F69: E030 | G69: T020 | H69: T040 | I69: F010 | L69: =MAX($D$2-1,IFERROR(INDEX($N$11:$N$86,MATCH(F69,$A$11:$A$86,0)),0),IFERROR(INDEX($N$11:$N$86,MATCH(G69,$A$11:$A$86,0)),0),IFERROR(INDEX($N$11:$N$86,MATCH(H69,$A$11:$A$86,0)),0),IFERROR(INDEX($N$11:$N$86,MATCH(I69,$A$11:$A$86,0)),0),IFERROR(INDEX($N$11:$N$86,MATCH(J69,$A$11:$A$86,0)),0),IFERROR(INDEX($N$11:$N$86,MATCH(K69,$A$11:$A$86,0)),0)) -> 46490 | M69: =IF(E69=0,IF(COUNTA(F69:K69)=0,$D$2,L69),WORKDAY.INTL(L69,1,$D$3,'לוח שנה וחגים'!$F$5:$F$20)) -> 46491 | N69: =IF(E69=0,M69,WORKDAY.INTL(M69,E69-1,$D$3,'לוח שנה וחגים'!$F$5:$F$20)) -> 46516 | O69: ● | P69: קבלן
A70: E020 | B70: התקנת שקעים ומפסקים | C70: 06.01–06.05, 06.10, 07.01–07.02א | D70: 8 | E70: =IF(D70=0,0,MAX(1,ROUNDUP(D70/$D$5,0))) -> 7 | F70: F020 | L70: =MAX($D$2-1,IFERROR(INDEX($N$11:$N$86,MATCH(F70,$A$11:$A$86,0)),0),IFERROR(INDEX($N$11:$N$86,MATCH(G70,$A$11:$A$86,0)),0),IFERROR(INDEX($N$11:$N$86,MATCH(H70,$A$11:$A$86,0)),0),IFERROR(INDEX($N$11:$N$86,MATCH(I70,$A$11:$A$86,0)),0),IFERROR(INDEX($N$11:$N$86,MATCH(J70,$A$11:$A$86,0)),0),IFERROR(INDEX($N$11:$N$86,MATCH(K70,$A$11:$A$86,0)),0)) -> 46516 | M70: =IF(E70=0,IF(COUNTA(F70:K70)=0,$D$2,L70),WORKDAY.INTL(L70,1,$D$3,'לוח שנה וחגים'!$F$5:$F$20)) -> 46517 | N70: =IF(E70=0,M70,WORKDAY.INTL(M70,E70-1,$D$3,'לוח שנה וחגים'!$F$5:$F$20)) -> 46526 | P70: קבלן
A71: E025 | B71: חיבורים ישירים ללוח (כיריים, תנור וצרכנים ייעודיים) | C71: 06.11–06.13 | D71: 3 | E71: =IF(D71=0,0,MAX(1,ROUNDUP(D71/$D$5,0))) -> 3 | F71: F020 | L71: =MAX($D$2-1,IFERROR(INDEX($N$11:$N$86,MATCH(F71,$A$11:$A$86,0)),0),IFERROR(INDEX($N$11:$N$86,MATCH(G71,$A$11:$A$86,0)),0),IFERROR(INDEX($N$11:$N$86,MATCH(H71,$A$11:$A$86,0)),0),IFERROR(INDEX($N$11:$N$86,MATCH(I71,$A$11:$A$86,0)),0),IFERROR(INDEX($N$11:$N$86,MATCH(J71,$A$11:$A$86,0)),0),IFERROR(INDEX($N$11:$N$86,MATCH(K71,$A$11:$A$86,0)),0)) -> 46516 | M71: =IF(E71=0,IF(COUNTA(F71:K71)=0,$D$2,L71),WORKDAY.INTL(L71,1,$D$3,'לוח שנה וחגים'!$F$5:$F$20)) -> 46517 | N71: =IF(E71=0,M71,WORKDAY.INTL(M71,E71-1,$D$3,'לוח שנה וחגים'!$F$5:$F$20)) -> 46520 | P71: קבלן
A72: P020 | B72: התקנת כלים סניטריים, ברזים ודוד | C72: 05.01–05.24, 05.34 | D72: 8 | E72: =IF(D72=0,0,MAX(1,ROUNDUP(D72/$D$5,0))) -> 7 | F72: F020 | G72: T020 | H72: A050 | L72: =MAX($D$2-1,IFERROR(INDEX($N$11:$N$86,MATCH(F72,$A$11:$A$86,0)),0),IFERROR(INDEX($N$11:$N$86,MATCH(G72,$A$11:$A$86,0)),0),IFERROR(INDEX($N$11:$N$86,MATCH(H72,$A$11:$A$86,0)),0),IFERROR(INDEX($N$11:$N$86,MATCH(I72,$A$11:$A$86,0)),0),IFERROR(INDEX($N$11:$N$86,MATCH(J72,$A$11:$A$86,0)),0),IFERROR(INDEX($N$11:$N$86,MATCH(K72,$A$11:$A$86,0)),0)) -> 46516 | M72: =IF(E72=0,IF(COUNTA(F72:K72)=0,$D$2,L72),WORKDAY.INTL(L72,1,$D$3,'לוח שנה וחגים'!$F$5:$F$20)) -> 46517 | N72: =IF(E72=0,M72,WORKDAY.INTL(M72,E72-1,$D$3,'לוח שנה וחגים'!$F$5:$F$20)) -> 46526 | O72: ● | P72: קבלן
A73: פיתוח וחשמל חוץ
A74: E040 | B74: התקנת פילר חברת החשמל וחיבור | C74: 06.07 | D74: 5 | E74: =IF(D74=0,0,MAX(1,ROUNDUP(D74/$D$5,0))) -> 5 | F74: A020 | G74: S030 | L74: =MAX($D$2-1,IFERROR(INDEX($N$11:$N$86,MATCH(F74,$A$11:$A$86,0)),0),IFERROR(INDEX($N$11:$N$86,MATCH(G74,$A$11:$A$86,0)),0),IFERROR(INDEX($N$11:$N$86,MATCH(H74,$A$11:$A$86,0)),0),IFERROR(INDEX($N$11:$N$86,MATCH(I74,$A$11:$A$86,0)),0),IFERROR(INDEX($N$11:$N$86,MATCH(J74,$A$11:$A$86,0)),0),IFERROR(INDEX($N$11:$N$86,MATCH(K74,$A$11:$A$86,0)),0)) -> 46380 | M74: =IF(E74=0,IF(COUNTA(F74:K74)=0,$D$2,L74),WORKDAY.INTL(L74,1,$D$3,'לוח שנה וחגים'!$F$5:$F$20)) -> 46383 | N74: =IF(E74=0,M74,WORKDAY.INTL(M74,E74-1,$D$3,'לוח שנה וחגים'!$F$5:$F$20)) -> 46387 | P74: קבלן
A75: V010 | B75: עבודות עפר, פילוס וניקוז מי נגר | C75: 17.01, 17.02 | D75: 9 | E75: =IF(D75=0,0,MAX(1,ROUNDUP(D75/$D$5,0))) -> 8 | F75: X020 | L75: =MAX($D$2-1,IFERROR(INDEX($N$11:$N$86,MATCH(F75,$A$11:$A$86,0)),0),IFERROR(INDEX($N$11:$N$86,MATCH(G75,$A$11:$A$86,0)),0),IFERROR(INDEX($N$11:$N$86,MATCH(H75,$A$11:$A$86,0)),0),IFERROR(INDEX($N$11:$N$86,MATCH(I75,$A$11:$A$86,0)),0),IFERROR(INDEX($N$11:$N$86,MATCH(J75,$A$11:$A$86,0)),0),IFERROR(INDEX($N$11:$N$86,MATCH(K75,$A$11:$A$86,0)),0)) -> 46457 | M75: =IF(E75=0,IF(COUNTA(F75:K75)=0,$D$2,L75),WORKDAY.INTL(L75,1,$D$3,'לוח שנה וחגים'!$F$5:$F$20)) -> 46460 | N75: =IF(E75=0,M75,WORKDAY.INTL(M75,E75-1,$D$3,'לוח שנה וחגים'!$F$5:$F$20)) -> 46469 | P75: קבלן
A76: V015 | B76: יציקת שבילי בטון | C76: 17.06 | D76: 7 | E76: =IF(D76=0,0,MAX(1,ROUNDUP(D76/$D$5,0))) -> 6 | F76: V010 | L76: =MAX($D$2-1,IFERROR(INDEX($N$11:$N$86,MATCH(F76,$A$11:$A$86,0)),0),IFERROR(INDEX($N$11:$N$86,MATCH(G76,$A$11:$A$86,0)),0),IFERROR(INDEX($N$11:$N$86,MATCH(H76,$A$11:$A$86,0)),0),IFERROR(INDEX($N$11:$N$86,MATCH(I76,$A$11:$A$86,0)),0),IFERROR(INDEX($N$11:$N$86,MATCH(J76,$A$11:$A$86,0)),0),IFERROR(INDEX($N$11:$N$86,MATCH(K76,$A$11:$A$86,0)),0)) -> 46469 | M76: =IF(E76=0,IF(COUNTA(F76:K76)=0,$D$2,L76),WORKDAY.INTL(L76,1,$D$3,'לוח שנה וחגים'!$F$5:$F$20)) -> 46470 | N76: =IF(E76=0,M76,WORKDAY.INTL(M76,E76-1,$D$3,'לוח שנה וחגים'!$F$5:$F$20)) -> 46477 | P76: קבלן
A77: V020 | B77: גינון, השקיה ותאורת גן | C77: 17.04, 17.05 | D77: 11 | E77: =IF(D77=0,0,MAX(1,ROUNDUP(D77/$D$5,0))) -> 10 | F77: V015 | G77: T030 | L77: =MAX($D$2-1,IFERROR(INDEX($N$11:$N$86,MATCH(F77,$A$11:$A$86,0)),0),IFERROR(INDEX($N$11:$N$86,MATCH(G77,$A$11:$A$86,0)),0),IFERROR(INDEX($N$11:$N$86,MATCH(H77,$A$11:$A$86,0)),0),IFERROR(INDEX($N$11:$N$86,MATCH(I77,$A$11:$A$86,0)),0),IFERROR(INDEX($N$11:$N$86,MATCH(J77,$A$11:$A$86,0)),0),IFERROR(INDEX($N$11:$N$86,MATCH(K77,$A$11:$A$86,0)),0)) -> 46477 | M77: =IF(E77=0,IF(COUNTA(F77:K77)=0,$D$2,L77),WORKDAY.INTL(L77,1,$D$3,'לוח שנה וחגים'!$F$5:$F$20)) -> 46478 | N77: =IF(E77=0,M77,WORKDAY.INTL(M77,E77-1,$D$3,'לוח שנה וחגים'!$F$5:$F$20)) -> 46491 | P77: קבלן
A78: בדיקות, מסירה ותעודת גמר
A79: H010 | B79: בדיקת חשמלאי בודק סופית ותעודת בדיקה | C79: 06.09 | D79: 3 | E79: =IF(D79=0,0,MAX(1,ROUNDUP(D79/$D$5,0))) -> 3 | F79: E020 | G79: E025 | H79: E030 | I79: E040 | L79: =MAX($D$2-1,IFERROR(INDEX($N$11:$N$86,MATCH(F79,$A$11:$A$86,0)),0),IFERROR(INDEX($N$11:$N$86,MATCH(G79,$A$11:$A$86,0)),0),IFERROR(INDEX($N$11:$N$86,MATCH(H79,$A$11:$A$86,0)),0),IFERROR(INDEX($N$11:$N$86,MATCH(I79,$A$11:$A$86,0)),0),IFERROR(INDEX($N$11:$N$86,MATCH(J79,$A$11:$A$86,0)),0),IFERROR(INDEX($N$11:$N$86,MATCH(K79,$A$11:$A$86,0)),0)) -> 46526 | M79: =IF(E79=0,IF(COUNTA(F79:K79)=0,$D$2,L79),WORKDAY.INTL(L79,1,$D$3,'לוח שנה וחגים'!$F$5:$F$20)) -> 46527 | N79: =IF(E79=0,M79,WORKDAY.INTL(M79,E79-1,$D$3,'לוח שנה וחגים'!$F$5:$F$20)) -> 46531 | P79: קבלן
A80: H020 | B80: בדיקות סופיות: מים, ביוב ודוד | C80: — | D80: 4 | E80: =IF(D80=0,0,MAX(1,ROUNDUP(D80/$D$5,0))) -> 4 | F80: P020 | L80: =MAX($D$2-1,IFERROR(INDEX($N$11:$N$86,MATCH(F80,$A$11:$A$86,0)),0),IFERROR(INDEX($N$11:$N$86,MATCH(G80,$A$11:$A$86,0)),0),IFERROR(INDEX($N$11:$N$86,MATCH(H80,$A$11:$A$86,0)),0),IFERROR(INDEX($N$11:$N$86,MATCH(I80,$A$11:$A$86,0)),0),IFERROR(INDEX($N$11:$N$86,MATCH(J80,$A$11:$A$86,0)),0),IFERROR(INDEX($N$11:$N$86,MATCH(K80,$A$11:$A$86,0)),0)) -> 46526 | M80: =IF(E80=0,IF(COUNTA(F80:K80)=0,$D$2,L80),WORKDAY.INTL(L80,1,$D$3,'לוח שנה וחגים'!$F$5:$F$20)) -> 46527 | N80: =IF(E80=0,M80,WORKDAY.INTL(M80,E80-1,$D$3,'לוח שנה וחגים'!$F$5:$F$20)) -> 46532 | O80: ● | P80: קבלן
A81: H030 | B81: ניקיון סופי | C81: — | D81: 3 | E81: =IF(D81=0,0,MAX(1,ROUNDUP(D81/$D$5,0))) -> 3 | F81: F020 | G81: P020 | H81: V020 | I81: X030 | J81: Z010 | L81: =MAX($D$2-1,IFERROR(INDEX($N$11:$N$86,MATCH(F81,$A$11:$A$86,0)),0),IFERROR(INDEX($N$11:$N$86,MATCH(G81,$A$11:$A$86,0)),0),IFERROR(INDEX($N$11:$N$86,MATCH(H81,$A$11:$A$86,0)),0),IFERROR(INDEX($N$11:$N$86,MATCH(I81,$A$11:$A$86,0)),0),IFERROR(INDEX($N$11:$N$86,MATCH(J81,$A$11:$A$86,0)),0),IFERROR(INDEX($N$11:$N$86,MATCH(K81,$A$11:$A$86,0)),0)) -> 46526 | M81: =IF(E81=0,IF(COUNTA(F81:K81)=0,$D$2,L81),WORKDAY.INTL(L81,1,$D$3,'לוח שנה וחגים'!$F$5:$F$20)) -> 46527 | N81: =IF(E81=0,M81,WORKDAY.INTL(M81,E81-1,$D$3,'לוח שנה וחגים'!$F$5:$F$20)) -> 46531 | P81: קבלן
A82: H040 | B82: סיור בדק עם המעצבת ורשימת ליקויים | C82: — | D82: 3 | E82: =IF(D82=0,0,MAX(1,ROUNDUP(D82/$D$5,0))) -> 3 | F82: H010 | G82: H020 | H82: H030 | L82: =MAX($D$2-1,IFERROR(INDEX($N$11:$N$86,MATCH(F82,$A$11:$A$86,0)),0),IFERROR(INDEX($N$11:$N$86,MATCH(G82,$A$11:$A$86,0)),0),IFERROR(INDEX($N$11:$N$86,MATCH(H82,$A$11:$A$86,0)),0),IFERROR(INDEX($N$11:$N$86,MATCH(I82,$A$11:$A$86,0)),0),IFERROR(INDEX($N$11:$N$86,MATCH(J82,$A$11:$A$86,0)),0),IFERROR(INDEX($N$11:$N$86,MATCH(K82,$A$11:$A$86,0)),0)) -> 46532 | M82: =IF(E82=0,IF(COUNTA(F82:K82)=0,$D$2,L82),WORKDAY.INTL(L82,1,$D$3,'לוח שנה וחגים'!$F$5:$F$20)) -> 46533 | N82: =IF(E82=0,M82,WORKDAY.INTL(M82,E82-1,$D$3,'לוח שנה וחגים'!$F$5:$F$20)) -> 46537 | O82: ● | P82: קבלן
A83: H050 | B83: תיקון ליקויים | C83: — | D83: 8 | E83: =IF(D83=0,0,MAX(1,ROUNDUP(D83/$D$5,0))) -> 7 | F83: H040 | L83: =MAX($D$2-1,IFERROR(INDEX($N$11:$N$86,MATCH(F83,$A$11:$A$86,0)),0),IFERROR(INDEX($N$11:$N$86,MATCH(G83,$A$11:$A$86,0)),0),IFERROR(INDEX($N$11:$N$86,MATCH(H83,$A$11:$A$86,0)),0),IFERROR(INDEX($N$11:$N$86,MATCH(I83,$A$11:$A$86,0)),0),IFERROR(INDEX($N$11:$N$86,MATCH(J83,$A$11:$A$86,0)),0),IFERROR(INDEX($N$11:$N$86,MATCH(K83,$A$11:$A$86,0)),0)) -> 46537 | M83: =IF(E83=0,IF(COUNTA(F83:K83)=0,$D$2,L83),WORKDAY.INTL(L83,1,$D$3,'לוח שנה וחגים'!$F$5:$F$20)) -> 46538 | N83: =IF(E83=0,M83,WORKDAY.INTL(M83,E83-1,$D$3,'לוח שנה וחגים'!$F$5:$F$20)) -> 46546 | P83: קבלן
A84: H055 | B84: הגשת בקשה לתעודת גמר (טופס 4) לוועדה המקומית – תצהירי מתכננים, אחראי לביקורת ובודקים | C84: — | D84: 10 | E84: =IF(D84=0,0,MAX(1,ROUNDUP(D84/$D$5,0))) -> 9 | F84: H040 | L84: =MAX($D$2-1,IFERROR(INDEX($N$11:$N$86,MATCH(F84,$A$11:$A$86,0)),0),IFERROR(INDEX($N$11:$N$86,MATCH(G84,$A$11:$A$86,0)),0),IFERROR(INDEX($N$11:$N$86,MATCH(H84,$A$11:$A$86,0)),0),IFERROR(INDEX($N$11:$N$86,MATCH(I84,$A$11:$A$86,0)),0),IFERROR(INDEX($N$11:$N$86,MATCH(J84,$A$11:$A$86,0)),0),IFERROR(INDEX($N$11:$N$86,MATCH(K84,$A$11:$A$86,0)),0)) -> 46537 | M84: =IF(E84=0,IF(COUNTA(F84:K84)=0,$D$2,L84),WORKDAY.INTL(L84,1,$D$3,'לוח שנה וחגים'!$F$5:$F$20)) -> 46538 | N84: =IF(E84=0,M84,WORKDAY.INTL(M84,E84-1,$D$3,'לוח שנה וחגים'!$F$5:$F$20)) -> 46548 | O84: ● | P84: קבלן
A85: H060 | B85: מסירה למזמין | C85: — | D85: 0 | E85: =IF(D85=0,0,MAX(1,ROUNDUP(D85/$D$5,0))) -> 0 | F85: H050 | L85: =MAX($D$2-1,IFERROR(INDEX($N$11:$N$86,MATCH(F85,$A$11:$A$86,0)),0),IFERROR(INDEX($N$11:$N$86,MATCH(G85,$A$11:$A$86,0)),0),IFERROR(INDEX($N$11:$N$86,MATCH(H85,$A$11:$A$86,0)),0),IFERROR(INDEX($N$11:$N$86,MATCH(I85,$A$11:$A$86,0)),0),IFERROR(INDEX($N$11:$N$86,MATCH(J85,$A$11:$A$86,0)),0),IFERROR(INDEX($N$11:$N$86,MATCH(K85,$A$11:$A$86,0)),0)) -> 46546 | M85: =IF(E85=0,IF(COUNTA(F85:K85)=0,$D$2,L85),WORKDAY.INTL(L85,1,$D$3,'לוח שנה וחגים'!$F$5:$F$20)) -> 46546 | N85: =IF(E85=0,M85,WORKDAY.INTL(M85,E85-1,$D$3,'לוח שנה וחגים'!$F$5:$F$20)) -> 46546 | P85: קבלן
A86: H070 | B86: קבלת תעודת גמר (טופס 4) מהוועדה המקומית ובדיקות הרשות | C86: — | D86: 30 | E86: =IF(D86=0,0,MAX(1,ROUNDUP(D86/$D$5,0))) -> 26 | F86: H055 | G86: H050 | L86: =MAX($D$2-1,IFERROR(INDEX($N$11:$N$86,MATCH(F86,$A$11:$A$86,0)),0),IFERROR(INDEX($N$11:$N$86,MATCH(G86,$A$11:$A$86,0)),0),IFERROR(INDEX($N$11:$N$86,MATCH(H86,$A$11:$A$86,0)),0),IFERROR(INDEX($N$11:$N$86,MATCH(I86,$A$11:$A$86,0)),0),IFERROR(INDEX($N$11:$N$86,MATCH(J86,$A$11:$A$86,0)),0),IFERROR(INDEX($N$11:$N$86,MATCH(K86,$A$11:$A$86,0)),0)) -> 46548 | M86: =IF(E86=0,IF(COUNTA(F86:K86)=0,$D$2,L86),WORKDAY.INTL(L86,1,$D$3,'לוח שנה וחגים'!$F$5:$F$20)) -> 46551 | N86: =IF(E86=0,M86,WORKDAY.INTL(M86,E86-1,$D$3,'לוח שנה וחגים'!$F$5:$F$20)) -> 46586 | P86: אחרים / מזמין / רשות
B88: מסירה למזמין | N88: =N85 -> 46546
B89: קבלת תעודת גמר (טופס 4) – הערכה | N89: =N86 -> 46586
B90: משך עד מסירה (שבועות קלנדריים) | N90: =ROUND((N88-$D$2+1)/7,1) -> 30.4
B91: ימי עבודה עד מסירה (ללא חגים) | N91: =NETWORKDAYS.INTL($D$2,N88,$D$3,'לוח שנה וחגים'!$F$5:$F$20) -> 147
B92: מקרא: כחול כהה = קריטי | כחול בהיר = פעילות קבלן | אפור = על ידי אחרים / מזמין / רשות | שחור = אבן דרך | צהוב = שבוע עם יום חג
B93: * הנתיב הקריטי חושב פעם אחת בעת יצירת הקובץ (ללא חגים) ואינו מתעדכן בשינוי משכים.

Sheet לוח שנה וחגים
A1: לוח שנה וחגים – ישראל (תשפ"ז, נובמבר 2026 – יולי 2027)
A2: עמודה E ניתנת לעריכה: "כן" = יום שאינו יום עבודה בלוח; "לא" = יום עבודה (לעדכון לפי החלטת האתר). עמודה F מחושבת ומזינה את הגאנט. חגים עבריים חושבו בספריית לוח עברי ואומתו מול לוחות חב"ד ומשרד החינוך.
A4: תאריך | B4: יום | C4: חג / מועד | D4: סוג | E4: לא יום עבודה? (כן/לא) | F4: תאריך בלוח
A5: 46361 | B5: שבת | C5: חנוכה – נר ראשון (יום עבודה רגיל) | D5: חג – לא יום חופש | E5: לא | F5: =IF(E5="כן",A5,0) -> 0
A6: 46469 | B6: שלישי | C6: פורים (יום עבודה, ייתכנו היעדרויות) | D6: מועד – לא יום חופש חוקי | E6: לא | F6: =IF(E6="כן",A6,0) -> 0
A7: 46498 | B7: רביעי | C7: ערב פסח – עבודה עד אחה"צ | D7: ערב חג – יום קצר | E7: לא | F7: =IF(E7="כן",A7,0) -> 0
A8: 46499 | B8: חמישי | C8: פסח – יום ראשון | D8: חג – יום חופש | E8: כן | F8: =IF(E8="כן",A8,0) -> 46499
A9: 46500 | B9: שישי | C9: חול המועד פסח | D9: חול המועד – אתרים רבים סגורים | E9: כן | F9: =IF(E9="כן",A9,0) -> 46500
A10: 46501 | B10: שבת | C10: חול המועד פסח | D10: חול המועד – אתרים רבים סגורים | E10: כן | F10: =IF(E10="כן",A10,0) -> 46501
A11: 46502 | B11: ראשון | C11: חול המועד פסח | D11: חול המועד – אתרים רבים סגורים | E11: כן | F11: =IF(E11="כן",A11,0) -> 46502
A12: 46503 | B12: שני | C12: חול המועד פסח | D12: חול המועד – אתרים רבים סגורים | E12: כן | F12: =IF(E12="כן",A12,0) -> 46503
A13: 46504 | B13: שלישי | C13: חול המועד פסח | D13: חול המועד – אתרים רבים סגורים | E13: כן | F13: =IF(E13="כן",A13,0) -> 46504
A14: 46505 | B14: רביעי | C14: פסח – שביעי של פסח | D14: חג – יום חופש | E14: כן | F14: =IF(E14="כן",A14,0) -> 46505
A15: 46511 | B15: שלישי | C15: יום הזיכרון לשואה ולגבורה | D15: יום זיכרון – עבודה רגילה | E15: לא | F15: =IF(E15="כן",A15,0) -> 0
A16: 46518 | B16: שלישי | C16: יום הזיכרון לחללי צה"ל – עבודה עד אחה"צ | D16: יום זיכרון – יום קצר | E16: לא | F16: =IF(E16="כן",A16,0) -> 0
... A20: 46549 | B20: שישי | C20: שבועות | D20: חג – יום חופש | E20: כן | F20: =IF(E20="כן",A20,0) -> 46549
A22: הערות: שבת ושישי אינם ימי עבודה בלוח (ניתן לשנות בתא D3 בגיליון הראשי). ראש השנה, יום כיפור וסוכות (ספט׳–אוק׳ 2026) קודמים לתחילת הפרויקט. ראש השנה תשפ"ח – ספט׳ 2027, אחרי סיום הפרויקט. ראש השנה הסיני 6/2/2027 חל בשבת ואין לו השפעה על לוח הימים.

Sheet חוק התכנון והבנייה
A1: חוק התכנון והבנייה – שלבי היתר ותעודת גמר בלוח הזמנים
A3: # | B3: נושא | C3: התייחסות בלוח הזמנים
A4: 1 | B4: היתר בנייה | C4: תוספות בנייה (הגדלת מרפסת, פרגולה, חדר גלריה, כניסה ומדרגות) ושינויי חזית טעונים היתר מהוועדה המקומית (חיפה), בדרך כלל באמצעות מערכת "רישוי זמין". בלוח הוגדרה משימה A015 "היתר בנייה בתוקף" שמשכה 0 ימים (הנחה: ההיתר בידי המזמין לפני תחילת העבודה). אם טרם התקבל – יש להזין את משך הטיפול בעמודה D של A015, והעבודות הטעונות היתר (D055, K020, K025, K030, K040) יידחו בהתאם. משך הטיפול בפועל תלוי בוועדה (לרוב חודשים) ואינו מובטח.
A5: 2 | B5: עבודות פטורות מהיתר | C5: עבודות פנים שאינן משנות קונסטרוקציה או חזית (כגון חלוקה פנימית בגבס, ריצוף, טיח, צבע) עשויות להיות פטורות מהיתר לפי תקנות התכנון והבנייה (עבודה ושימוש הטעונים היתר). יש לאמת את הסיווג מול האדריכלית/המהנדס, במיוחד לגבי הריסת קירות נושאים, חיזוק גרם המדרגות ופירוק מסגרות בטון בחזית.
A6: 3 | B6: תנאי היתר ותשלומים | C6: אגרות בנייה והיטל השבחה (ככל שחלים) הן בדרך כלל תנאי לקבלת ההיתר ובאחריות המזמין; מינוי אחראי לביקורת על הביצוע (מהנדס/אדריכל) ותצהירי סיום נדרשים להגשת בקשה לתעודת גמר – כלולים בלוח כמשימה H055.
A7: 4 | B7: תעודת גמר (טופס 4) | C7: לאחר סיום העבודות מוגשת בקשה לתעודת גמר/טופס 4 לוועדה המקומית; האישור ניתן לאחר בדיקת מהנדס הרשות. חיבור קבע לחשמל ולמים מותנה לרוב באישור. טופס 4 מורכב ממעבר דו-שלבי (ללא אכלוס ועם אישור אכלוס) לפי נוהג הרשות. בלוח: H055 (הגשה – 10 ימים) ו-H070 (קבלה – הנחה של 30 ימי עבודה, אינה מחייבת). ברוב הרשויות נדרש טופס 4 גם לתוספת בנייה, אך יש לברר מול העירייה.
A8: 5 | B8: בטיחות בעבודה | C8: מבצע הבנייה ממנה מנהל עבודה רשום בתחילת העבודות ומעביר את פרטי המינוי למפקח העבודה האזורי (A016); תוכנית בטיחות נשמרת בפנקס הכללי באתר. פיגום נבדק על ידי בודק מוסמך לפני שימוש (X015). לפי מאמר של משרד עו"ד, תקנות בטיחות חדשות (עבודות בנייה, הדרכה, עבודה בגובה) אמורות להיכנס לתוקף ב-16.10.2026 – יש לוודא מול הנוסח הרשמי.
A9: 6 | B9: עיריית חיפה | C9: היתר להצבת פיגום ומכולת פסולת ברשות הרבים (A017, 10 ימי עבודה – הנחה). יש לבדוק מגבלות שעות עבודה ורעש מול העירייה לפני עבודה של 10–11 שעות ביום, כולל הפסקות צהריים.
A10: 7 | B10: פינוי פסולת | C10: פסולת הבנייה מפונה לאתר מורשה בצירוף אישורי פינוי (D065) – כלול בהצעת המחיר.
A11: 8 | B11: חיבור חשמל | C11: בקשה להגדלת חיבור ל-3×40 אמפר ופילר חדש (A020 – 40 ימי עבודה, הנחה; תלוי בחברת החשמל). בדיקת חשמלאי בודק וטופס/תעודת בדיקה נדרשים לפני חיבור קבע (H010).
A13: הערה: מסמך זה אינו ייעוץ משפטי; הדרישות נבדקו מול מקורות ציבוריים בלבד ויש לאמתן מול האדריכלית, המהנדס והוועדה המקומית.

Sheet שעות עבודה ופועלים
A1: שעות עבודה ופועלים סינים – הנחות ואזהרות
A3: # | B3: נושא | C3: פירוט
A4: 1 | B4: הנחת עבודה | C4: צוות פועלים סינים הרגיל ל-10–11 שעות ביום, א׳–ה׳. ב-10 שעות מקדם התפוקה 1.18 (לא 1.25 – עייפות ותפוקה שולית יורדת). ב-11 שעות מקדם משוער 1.27. אפשר לשנות את שעות העבודה בתא D4 בגיליון הראשי.
A5: 2 | B5: חוק שעות עבודה ומנוחה | C5: לפי חוק שעות עבודה ומנוחה: יום עבודה רגיל עד 8 שעות ושבוע רגיל של 42 שעות במגזר הפרטי; יום שלפני המנוחה השבועית – עד 7 שעות; מנוחה שבועית של 36 שעות רצופות. שעות מעבר ליום הרגיל הן שעות נוספות בתשלום מוגדל (125% ו-150%), והחוק מגביל את היקפן ודורש היתר/הסכם. 10 שעות ביום × 5 ימים = 50 שעות, כלומר 8 שעות נוספות בשבוע; 11 שעות × 5 = 55 שעות = 13 שעות נוספות. יש לאמת את התקרה השבועית ואת הצורך בהיתר מול משרד העבודה ויועץ משפטי לפני התחייבות ללוח זה.
A6: 3 | B6: עלות | C6: מחירי היחידה בהצעה אינם כוללים תוספת שעות נוספות. עבודה של 10–11 שעות ביום מייקרת את שעת העבודה (125%/150% על השעות מעבר ל-8) ומקצרת את הלוח; יש לבחון את הכדאיות הכוללת.
A7: 4 | B7: היתרי העסקה | C7: העסקת עובדים זרים בענף הבנייה מחייבת היתרי העסקה בתוקף (רשות האוכלוסין וההגירה), תנאי דיור, ביטוח ושכר – באחריות הקבלן ואינה כלולה בלוח.
A8: 5 | B8: ימי עבודה | C8: לוח השבוע: א׳–ה׳ (שישי ושבת – מנוחה). אם הצוות יעבוד גם בשישי, שנו את התא D3 ל-0000100 (שבת בלבד). ימי ערב חג ויום העצמאות/זיכרון מוגדרים בלוח השנה (ימים קצרים אינם מחושבים).
A9: 6 | B9: מזג אוויר חורפי | C9: משכי עבודות חוץ (פיגום, חזית, שבילים, עפר, גינון, מרפסות) הוגדלו ב-10% בגלל עונת הגשמים בחיפה (נובמבר–מרץ).
A10: 7 | B10: אחרים | C10: אלומיניום ודלתות מבוצעים על ידי אחרים (40 ימי עבודה, הנחה) ואינם בהיקף ההצעה; טיח חזית, אדנים ואיטום חלונות תלויים בהם. הלוח אינו כולל בריכה, פרפט/גג, נגרות. כל המשכים הם הנחות שיש לאמת מול מנהל העבודה וקבלני המשנה.
