Workbook

Sheet הצעת מחיר
A1: הצעת מחיר – שיפוץ ותוספות בבית ברחוב שלונסקי 53, חיפה
A2: מחירים בש״ח לפני מע״מ, בסיס מחירים אוקטובר 2026. מחירי היחידה הם אומדן (ראו גיליונות "בסיס תמחור" ו"סקר שוק"). כמויות זמניות מסומנות ויתומדו לפי מדידה בפועל.
A4: מס׳ סעיף | B4: שם הסעיף | C4: תיאור סעיף | D4: יחידה | E4: כמות (מהמסמכים) | F4: כמות זמנית (הנחה) | G4: מחיר יחידה (₪) | H4: סה״כ (₪) | I4: הערות
A5: פרק 01 — הכנות והתארגנות לביצוע
A6: 01.01 | B6: התארגנות אתר | C6: התארגנות לביצוע עבודות השיפוץ, לרבות הקצאת אזורי עבודה ואחסון חומרים, הסדרת שירותים לעובדים ותיאום דרכי הגישה לעבודה, בהתאם לתנאי האתר ולהנחיות המתכננת. סעיף זה אינו כולל את הגידור, החיבורים הזמניים, ההגנות ומכולת הפסולת המפורטים בנפרד. | D6: קומפ׳ | E6: 1 | G6: 8000 | H6: =ROUND(IF(ISNUMBER(E6),E6,N(F6))*G6,2) -> 8000
A7: 01.02 | B7: גידור, שילוט ואמצעי בטיחות באתר | C7: הקמה והחזקה של גידור זמני מפח או מרשת תקנית, שילוט אתר ואזהרה, סימון אזורים מסוכנים ואמצעי הבטיחות הנדרשים, לאורך כל שלבי הביצוע, לרבות פירוק הגידור בתום הצורך. | D7: קומפ׳ | E7: 1 | G7: 4000 | H7: =ROUND(IF(ISNUMBER(E7),E7,N(F7))*G7,2) -> 4000
A8: 01.03 | B8: חיבור מים זמני | C8: הסדרת חיבור מים זמני לצורכי ביצוע העבודות, לרבות חיבור למקור המים המאושר באתר ובדיקת תקינות החיבור. | D8: קומפ׳ | E8: 1 | G8: 1500 | H8: =ROUND(IF(ISNUMBER(E8),E8,N(F8))*G8,2) -> 1500
A9: 01.04 | B9: חיבור חשמל זמני | C9: הסדרת חיבור חשמל זמני לצורכי ביצוע העבודות, באמצעות חשמלאי בעל רישיון מתאים, לרבות אמצעי ההגנה הנדרשים ובדיקת תקינות החיבור. | D9: קומפ׳ | E9: 1 | G9: 3000 | H9: =ROUND(IF(ISNUMBER(E9),E9,N(F9))*G9,2) -> 3000
A10: 01.05 | B10: הגנה על אלמנטים קיימים | C10: ביצוע והחזקה של כיסויי הגנה לאלמנטים המיועדים להישאר, לרבות ריצופים, פתחים, חלונות, מדרגות, מעקות, קירות, ציוד וצמחייה לשימור, בהתאם להיקף העבודה ולמצב הקיים. | D10: קומפ׳ | E10: 1 | G10: 5000 | H10: =ROUND(IF(ISNUMBER(E10),E10,N(F10))*G10,2) -> 5000
A11: 01.06 | B11: מדידות, אימות וסימון בלייזר | C11: מדידת המבנה הקיים ואימות המידות מול תוכניות האדריכלות והמערכות, סימון מיקומי העבודות ומפלסי הביצוע באמצעות פלס לייזר, תיעוד המצב הקיים ודיווח על אי־התאמות לפני תחילת העבודה. | D11: קומפ׳ | E11: 1 | G11: 3000 | H11: =ROUND(IF(ISNUMBER(E11),E11,N(F11))*G11,2) -> 3000
A12: 01.07 | B12: מכולת פסולת והסדרת אזור ריכוז פסולת | C12: הצבת מכולת פסולת והסדרת מקום לריכוז פסולת הבנייה באתר, בהתאם לתנאי הגישה ולשלבי הביצוע. פינוי הפסולת לאתר מורשה מפורט בפרק ההריסות. | D12: קומפ׳ | E12: 1 | G12: 9000 | H12: =ROUND(IF(ISNUMBER(E12),E12,N(F12))*G12,2) -> 9000
A13: 01.08 | B13: ניקיון שוטף בתקופת הביצוע | C13: ניקיון שוטף של שטחי העבודה והמעברים לאורך תקופת הביצוע, איסוף שאריות חומרים וריכוז הפסולת באזור המיועד לכך, לשמירת אתר מסודר ובטוח. | D13: קומפ׳ | E13: 1 | G13: 9000 | H13: =ROUND(IF(ISNUMBER(E13),E13,N(F13))*G13,2) -> 9000
A14: 01.09 | B14: פיגום חיצוני לחזיתות | C14: הקמה, שכירות לתקופה, תחזוקה ופירוק של פיגום חיצוני תקני בהיקף החזיתות, לצורך ניסור ופירוק מסגרות הבטון הדקורטיביות, עבודות הפרפט וטיח החזיתות. כולל הגנות, רשת, אישור בודק ופיגום תקני לפי תקנות הבטיחות בעבודה. | D14: מ״ר | F14: 225 | G14: 85 | H14: =ROUND(IF(ISNUMBER(E14),E14,N(F14))*G14,2) -> 19125 | I14: כמות זמנית = שטח טיח החזיתות; כולל שכירות לכ-4.5 חודשים לפי לוח הזמנים; כמות זמנית: שטח חזיתות מטויחות (14.01); לאימות במדידה – תחשיב לפי מדידה בפועל
A15: סה״כ פרק 01 — הכנות והתארגנות לביצוע | H15: =SUM(H6:H14) -> 61625
A17: פרק 02 — הריסות, פירוקים ופינוי
A18: 02.01 | B18: פירוק קירות ומחיצות במרתף | C18: הריסה מבוקרת של כל הקירות והמחיצות המסומנים להריסה בקומת המרתף, בהתאם לתוכנית ההריסה: 10 מ״ר קירות בלוקים ו־52 מ״ר מחיצות גבס. אלמנטים נושאים – רק באישור קונסטרוקטור בכתב. | D18: מ״ר | E18: 62 | G18: 120 | H18: =ROUND(IF(ISNUMBER(E18),E18,N(F18))*G18,2) -> 7440
A19: 02.02 | B19: פירוק קירות ומחיצות בקומת הקרקע | C19: הריסה ופירוק מבוקרים של כל הקירות והמחיצות (בלוקים, בטון וגבס) המסומנים להריסה בקומת הקרקע, בהתאם לתוכנית ההריסה. קירות בטון ואלמנטים נושאים – רק לאחר אישור הקונסטרוקטור בכתב. | D19: מ״ר | E19: 51 | G19: 120 | H19: =ROUND(IF(ISNUMBER(E19),E19,N(F19))*G19,2) -> 6120
A20: 02.03 | B20: פירוק קירות ומחיצות בקומה א׳ | C20: הריסה ופירוק מבוקרים של כל הקירות והמחיצות (בלוקים, בטון וגבס) המסומנים להריסה בקומה א׳, בהתאם לתוכנית ההריסה (כמות משוערת לפי התוכנית). קירות בטון ואלמנטים נושאים – רק לאחר אישור הקונסטרוקטור בכתב. | D20: מ״ר | E20: 85 | G20: 120 | H20: =ROUND(IF(ISNUMBER(E20),E20,N(F20))*G20,2) -> 10200
A21: 02.04 | B21: פירוק תקרות גבס קיימות | C21: פירוק תקרות גבס קיימות המיועדות להסרה, לרבות לוחות, פרופילים ומתלים, בתיאום עם בעלי המקצוע ולאחר ניתוק המערכות הרלוונטיות. | D21: מ״ר | E21: 10 | G21: 50 | H21: =ROUND(IF(ISNUMBER(E21),E21,N(F21))*G21,2) -> 500
A22: 02.05 | B22: פירוק ריצופים קיימים | C22: פירוק ריצופים קיימים באזורים שיאושרו לביצוע, בהתאם להחלטה משותפת בשטח ובהתחשב במצב הריצוף הקיים. היקף הפירוק ייקבע לפני תחילת העבודה. | D22: מ״ר | E22: 40 | G22: 90 | H22: =ROUND(IF(ISNUMBER(E22),E22,N(F22))*G22,2) -> 3600
A23: 02.06 | B23: פירוק ארונות מטבח קיימים | C23: פירוק ארונות מטבח קיימים, לרבות יחידות הארונות ורכיבי החיבור שלהן למבנה, בתיאום עם המזמין לגבי פריטים המיועדים לשימור. | D23: קומפ׳ | E23: 1 | G23: 2000 | H23: =ROUND(IF(ISNUMBER(E23),E23,N(F23))*G23,2) -> 2000
A24: 02.07 | B24: פירוק ארונות ונגרות קיימת אחרת | C24: פירוק ארונות הלבשה ופריטי נגרות קיימים אחרים המיועדים להסרה, לרבות רכיבי החיבור למבנה, בהתאם להחלטת המזמין בדבר שימור או פינוי. | D24: יח׳ | E24: 1 | G24: 2500 | H24: =ROUND(IF(ISNUMBER(E24),E24,N(F24))*G24,2) -> 2500
A25: 02.08 | B25: פירוק חלונות אלומיניום ותריסים קיימים – קומפלט | C25: פירוק כל החלונות והתריסים הקיימים המיועדים להחלפה לפי תוכנית הבנייה, לרבות כנפיים, זיגוג, מסגרות, רכיבי הפעלה ועיגון, וניתוק הזנת תריסים חשמליים, תוך שמירה על הפתח. | D25: קומפ׳ | E25: 1 | G25: 6000 | H25: =ROUND(IF(ISNUMBER(E25),E25,N(F25))*G25,2) -> 6000
A26: 02.09 | B26: פירוק דלתות פנים וכניסה ומשקופים – קומפלט | C26: פירוק כל הדלתות המסומנות בתוכניות ההריסה, לרבות כנפיים, משקופים ופרזול, ובתיאום הסדרת הגישה למבנה במהלך הביצוע. | D26: קומפ׳ | E26: 1 | G26: 3500 | H26: =ROUND(IF(ISNUMBER(E26),E26,N(F26))*G26,2) -> 3500
A27: 02.10 | B27: פירוק חדרי רחצה, שירותים וכלים סניטריים – קומפלט | C27: פירוק מלא של חדרי הרחצה והשירותים הקיימים: אסלות, כיורים, אמבטיות, מקלחונים, ברזים וחיפויי קירות, לרבות ניתוק וסגירת חיבורי מים וביוב, בהתאם לתוכניות ההריסה. | D27: קומפ׳ | E27: 1 | G27: 8000 | H27: =ROUND(IF(ISNUMBER(E27),E27,N(F27))*G27,2) -> 8000
A28: 02.11 | B28: פירוק נקודות, אביזרי חשמל וגופי תאורה קיימים | C28: ניתוק ופירוק נקודות, שקעים, מפסקים וגופי תאורה קיימים המיועדים לביטול או להחלפה, באמצעות חשמלאי בעל רישיון מתאים, בתיאום עם המזמין לגבי פריטים לשימור. | D28: קומפ׳ | E28: 1 | G28: 4000 | H28: =ROUND(IF(ISNUMBER(E28),E28,N(F28))*G28,2) -> 4000
A29: 02.12 | B29: פירוק צנרת אינסטלציה גלויה קיימת | C29: ניתוק ופירוק צנרת אינסטלציה גלויה המיועדת להסרה, לרבות אביזרי החיבור והקיבוע הרלוונטיים, לאחר זיהוי הקווים הפעילים וסגירת החיבורים הנדרשים. | D29: קומפ׳ | E29: 1 | G29: 3000 | H29: =ROUND(IF(ISNUMBER(E29),E29,N(F29))*G29,2) -> 3000
... A31: 02.14 | B31: פירוק מעקה גרם המדרגות הפנימי | C31: פירוק זהיר ומבוקר של המעקה הקיים בגרם המדרגות הפנימי, בהתאם להנחיות הקונסטרוקטור ולאישורו בכתב. חיזוק גרם המדרגות מתואר בנפרד בפרק הבנייה. | D31: קומפ׳ | E31: 1 | G31: 2000 | H31: =ROUND(IF(ISNUMBER(E31),E31,N(F31))*G31,2) -> 2000
A32: 02.15 | B32: ניסור ופירוק מסגרות בטון דקורטיביות סביב חלונות | C32: ניסור ופירוק מבוקר של מסגרות הבטון הדקורטיביות סביב פתחי החלונות בחזיתות, בהתאם להנחיות ולאישור הקונסטרוקטור, עד להסרת הבליטות והכנת האזור להשלמת גמר חזית אחיד. עבודות הטיח והגמר מתוארות בפרק טיח החוץ. | D32: מ״א | E32: 45 | G32: 170 | H32: =ROUND(IF(ISNUMBER(E32),E32,N(F32))*G32,2) -> 7650 | I32: הניסור מבוצע מפיגום (01.09) ובאישור קונסטרוקטור בכתב
A33: 02.16 | B33: מיון ופינוי פסולת לאתר מורשה | C33: מיון פסולת ההריסה והפירוק לפי סוגי החומרים, העמסה והובלה לאתר מורשה, לרבות מסירת אישורי הפינוי הנדרשים. | D33: קומפ׳ | E33: 1 | G33: 28000 | H33: =ROUND(IF(ISNUMBER(E33),E33,N(F33))*G33,2) -> 28000
A34: 02.17 | B34: ניקיון יסודי לאחר ההריסות | C34: ניקיון יסודי של שטחי ההריסה והפירוק לאחר השלמתם, הסרת שאריות וריכוז פסולת שנותרה, והכנת השטחים לתחילת עבודות הבנייה. | D34: קומפ׳ | E34: 1 | G34: 3000 | H34: =ROUND(IF(ISNUMBER(E34),E34,N(F34))*G34,2) -> 3000
A35: 02.18 | B35: פירוק פנלים קיימים בכל הבית | C35: פירוק פנלים קיימים בכל שטחי הבית, כולל ניקוי הקיר ושאריות הדבק, לפי הערות תוכניות ההריסה. | D35: קומפ׳ | E35: 1 | G35: 4500 | H35: =ROUND(IF(ISNUMBER(E35),E35,N(F35))*G35,2) -> 4500
A36: 02.19 | B36: פירוק מדרגות חוץ | C36: פירוק והריסת מדרגות בטון בגמר גרנוליט, לרבות פירוק המעקות ועיגוניהם, חיתוך הזיון לפי הצורך, איסוף הפסולת, העמסתה ,הובלתה לאתר מורשה, כולל אגרות פינוי וניקוי שטח העבודה בגמר הביצוע. | D36: קומפ׳ | E36: 1 | G36: 3000 | H36: =ROUND(IF(ISNUMBER(E36),E36,N(F36))*G36,2) -> 3000
A37: 02.20 | B37: פירוק רצפת גרנוליט בחניה, בכניסה ובשבילים | C37: פירוק רצפת גרנוליט ומצעה באזור החניה, הכניסה לבית והשבילים, כמפורט בתכולת פרק 2 בחוברת, לרבות ריכוז הפסולת. | D37: מ״ר | E37: 100 | G37: 100 | H37: =ROUND(IF(ISNUMBER(E37),E37,N(F37))*G37,2) -> 10000
A38: סה״כ פרק 02 — הריסות, פירוקים ופינוי | H38: =SUM(H18:H37) -> 117510
A40: פרק 03 — בנייה ותוספות מבניות
A41: 03.01 | B41: הגדלת מרפסת הסלון ותוספת פרגולה | C41: ביצוע הגדלת מרפסת הסלון ותוספת הפרגולה, קומפלט בתחום העבודות המבניות ובהתאם לתוכניות ולמפרט הקונסטרוקטור, לרבות ביסוס, רכיבי בטון וזיון, שלד פלדה מפרופילי RHS, לוחות בסיס, עיגונים, חיבורים וריתוכים, ככל שנדרשים בתכנון. העבודה כוללת את הבדיקות, אישורי הביצוע ותוכנית העדות הנדרשים במפרט. עבודות האיטום והגמר יבוצעו במסגרת הפרקים הייעודיים. | D41: קומפ׳ | E41: 1 | G41: 70000 | H41: =ROUND(IF(ISNUMBER(E41),E41,N(F41))*G41,2) -> 70000
A42: 03.02 | B42: תוספת חדר בקומת הגלריה | C42: ביצוע העבודות המבניות לתוספת החדר בקומת הגלריה, קומפלט לפי תוכניות הקונסטרוקטור והאדריכלות, לרבות רכיבי השלד, החיבורים והעיגונים למבנה הקיים, פתחים והכנות מבניות למערכות, בהתאם לתכנון. העבודה כוללת בדיקות, אישורים ותוכנית עדות; גמרים ומערכות מפורטים בפרקים הייעודיים. | D42: קומפ׳ | E42: 1 | G42: 120000 | H42: =ROUND(IF(ISNUMBER(E42),E42,N(F42))*G42,2) -> 120000
A43: 03.03 | B43: כניסה חדשה וגרם מדרגות חדש | C43: ביצוע העבודות המבניות לכניסה החדשה ולגרם המדרגות החדש, קומפלט לפי תוכניות הקונסטרוקטור והאדריכלות, לרבות ביסוס, רכיבי השלד, זיון, יציקות, חיבורים ועיגונים, וכן אלמנטי מעקה ככל שנכללים בתכנון המבני. גמרים יבוצעו במסגרת הפרקים הייעודיים. | D43: קומפ׳ | E43: 1 | G43: 38000 | H43: =ROUND(IF(ISNUMBER(E43),E43,N(F43))*G43,2) -> 38000
A44: 03.04 | B44: חיזוק גרם המדרגות הפנימי הקיים | C44: חיזוק גרם המדרגות הפנימי לאחר פירוק המעקה הקיים, קומפלט לפי פרטי הקונסטרוקטור, לרבות רכיבי החיזוק, החיבורים והעיגונים המוגדרים בתכנון, בדיקות וקבלת אישור הקונסטרוקטור לביצוע. | D44: קומפ׳ | E44: 1 | G44: 18000 | H44: =ROUND(IF(ISNUMBER(E44),E44,N(F44))*G44,2) -> 18000
A45: סה״כ פרק 03 — בנייה ותוספות מבניות | H45: =SUM(H41:H44) -> 246000
A47: פרק 04 — חלוקה חדשה בקירות בלוקים
A48: 04.01 | B48: קירות בלוקים במרתף | C48: בניית קירות בלוקים בעובי 20 ס״מ בקומת המרתף, במיקומים המסומנים בתוכנית הבנייה החדשה, בהתאם לפרטי הקונסטרוקטור, לרבות חומרי החיבור, חיבור למבנה הקיים ורכיבי זיון או חיזוק ככל שנדרשים בפרטים. טיח וגמר אינם כלולים בסעיף זה. | D48: מ״ר | E48: 6.3 | G48: 300 | H48: =ROUND(IF(ISNUMBER(E48),E48,N(F48))*G48,2) -> 1890
A49: 04.02 | B49: קירות בלוקים בקומת הקרקע | C49: בניית קירות בלוקים בעובי 20 ס״מ בקומת הקרקע, במיקומים המסומנים בתוכנית הבנייה החדשה, בהתאם לפרטי הקונסטרוקטור, לרבות חומרי החיבור, חיבור למבנה הקיים ורכיבי זיון או חיזוק ככל שנדרשים בפרטים. טיח וגמר אינם כלולים בסעיף זה. | D49: מ״ר | E49: 17.7 | G49: 300 | H49: =ROUND(IF(ISNUMBER(E49),E49,N(F49))*G49,2) -> 5310
A50: 04.03 | B50: קירות בלוקים בקומה א׳ ובגלריה | C50: בניית קירות בלוקים בעובי 20 ס״מ בקומה א׳ ובגלריה, במיקומים המסומנים בתוכנית הבנייה החדשה, בהתאם לפרטי הקונסטרוקטור, לרבות חומרי החיבור, חיבור למבנה הקיים ורכיבי זיון או חיזוק ככל שנדרשים בפרטים. טיח וגמר אינם כלולים בסעיף זה. | D50: מ״ר | E50: 2.08 | G50: 300 | H50: =ROUND(IF(ISNUMBER(E50),E50,N(F50))*G50,2) -> 624
A51: סה״כ פרק 04 — חלוקה חדשה בקירות בלוקים | H51: =SUM(H48:H50) -> 7824
A53: פרק 05 — אינסטלציה, התקנת כלים סניטריים וברזים
A54: 05.01 | B54: התקנת אסלה תלויה | C54: התקנת אסלה תלויה במיקום המתוכנן, לרבות קיבוע למערכת הנשיאה, חיבור למערכת ההדחה והביוב, אטימת החיבורים ובדיקת יציבות ותפקוד. מכל ההדחה, הלחצן והמושב מתוארים בנפרד. | D54: יח׳ | E54: 7 | G54: 800 | H54: =ROUND(IF(ISNUMBER(E54),E54,N(F54))*G54,2) -> 5600
A55: 05.02 | B55: התקנת מכל הדחה סמוי | C55: התקנת מכל הדחה סמוי ומערכת הנשיאה הנלווית לפי המוצר שנבחר, לרבות עיגון, חיבור למים ולאסלה, התאמת מיקום פתח השירות ובדיקת אטימות ותפקוד לפני סגירת החיפוי. | D55: יח׳ | E55: 7 | G55: 1100 | H55: =ROUND(IF(ISNUMBER(E55),E55,N(F55))*G55,2) -> 7700
A56: 05.03 | B56: התקנת לחצן הדחה | C56: התקנת לחצן הדחה התואם למכל הסמוי, התאמתו למישור הגמר ובדיקת פעולת מנגנון ההדחה. | D56: יח׳ | E56: 7 | G56: 150 | H56: =ROUND(IF(ISNUMBER(E56),E56,N(F56))*G56,2) -> 1050
A57: 05.04 | B57: התקנת מושב אסלה הידראולי | C57: התקנת מושב אסלה בעל מנגנון סגירה הידראולי, התואם לדגם האסלה, לרבות קיבוע, כיוון ובדיקת פעולת המנגנון. | D57: יח׳ | E57: 7 | G57: 150 | H57: =ROUND(IF(ISNUMBER(E57),E57,N(F57))*G57,2) -> 1050
A58: 05.05 | B58: התקנת כיור עומד | C58: התקנת כיור עומד לפי הדגם שנבחר, לרבות העמדה וקיבוע בהתאם להוראות היצרן, חיבור לניקוז ואטימת המפגשים הנדרשים. | D58: יח׳ | E58: 1 | G58: 600 | H58: =ROUND(IF(ISNUMBER(E58),E58,N(F58))*G58,2) -> 600
A59: 05.06 | B59: התקנת ברז קיר | C59: התקנת ברז קיר במיקום ובגובה המתוכננים, לרבות חיבור לנקודות המים, התאמה לעומק הגמר, אטימת החיבורים ובדיקת פעולה. | D59: יח׳ | E59: 6 | G59: 300 | H59: =ROUND(IF(ISNUMBER(E59),E59,N(F59))*G59,2) -> 1800
A60: 05.07 | B60: התקנת ראש גשם | C60: התקנת ראש גשם ורכיב החיבור התואם למוצר שנבחר, לרבות חיבור לנקודת המים, קיבוע ובדיקת זרימה ואטימות. | D60: יח׳ | E60: 6 | G60: 450 | H60: =ROUND(IF(ISNUMBER(E60),E60,N(F60))*G60,2) -> 2700
A61: 05.08 | B61: התקנת אינטרפוץ תלת־דרכי | C61: התקנת מערכת אינטרפוץ תלת־דרכית, לרבות הגוף הסמוי ורכיבי הגמר של המוצר שנבחר, חיבור לקווי המים וליציאות המתוכננות, התאמת עומק ההתקנה ובדיקת אטימות ותפקוד לפני סגירה ובגמר ההתקנה. | D61: יח׳ | E61: 10 | G61: 450 | H61: =ROUND(IF(ISNUMBER(E61),E61,N(F61))*G61,2) -> 4500
A62: 05.09 | B62: התקנת אינטרפוץ ארבע־דרכי | C62: התקנת מערכת אינטרפוץ ארבע־דרכית, לרבות הגוף הסמוי ורכיבי הגמר של המוצר שנבחר, חיבור לקווי המים וליציאות המתוכננות, התאמת עומק ההתקנה ובדיקת אטימות ותפקוד לפני סגירה ובגמר ההתקנה. | D62: יח׳ | E62: 2 | G62: 600 | H62: =ROUND(IF(ISNUMBER(E62),E62,N(F62))*G62,2) -> 1200
A63: 05.10 | B63: התקנת מאחז מזלף | C63: התקנת מאחז מזלף במיקום המתוכנן, לרבות קיבוע לתשתית ואטימת נקודות העיגון באזור הרטוב. | D63: יח׳ | E63: 7 | G63: 250 | H63: =ROUND(IF(ISNUMBER(E63),E63,N(F63))*G63,2) -> 1750
A64: 05.11 | B64: התקנת אביזר ניקוז המסומן 10/10 | C64: התקנת אביזר הניקוז המסומן במקור „תעלת ניקוז 10/10”, לרבות חיבור למערכת הניקוז, התאמה למפלס הריצוף ושילוב אטום עם מערכת האיטום. סוג האביזר המדויק ייקבע לפי התוכנית והמוצר המאושר. | D64: יח׳ | E64: 5 | G64: 650 | H64: =ROUND(IF(ISNUMBER(E64),E64,N(F64))*G64,2) -> 3250
A65: 05.12 | B65: התקנת תעלת גלישה המסומנת 110 | C65: התקנת תעלת הגלישה המסומנת במקור „110”, לרבות העמדה במיקום המתוכנן, חיבור לניקוז, התאמה למפלסי הגמר ושילוב עם מערכת האיטום, בהתאם לפרט ולמוצר שנבחר. | D65: יח׳ | E65: 1 | G65: 1500 | H65: =ROUND(IF(ISNUMBER(E65),E65,N(F65))*G65,2) -> 1500
... A79: 05.27 | B79: נקודת ביוב לאסלה | C79: נקודת ביוב 110 מ״מ לאסלה תלויה, כולל חיבור לקו הביוב בשיפוע תקני ובדיקת אטימות. | D79: נק׳ | E79: 7 | G79: 700 | H79: =ROUND(IF(ISNUMBER(E79),E79,N(F79))*G79,2) -> 4900
A80: 05.28 | B80: נקודת ניקוז לכיור ולאמבטיה | C80: נקודת ניקוז לכיורי רחצה, מטבח, בר, מטבח חוץ ואמבטיה, כולל סיפון/מחסום, חיבור לקו בשיפוע תקני ובדיקת אטימות. | D80: נק׳ | E80: 15 | G80: 450 | H80: =ROUND(IF(ISNUMBER(E80),E80,N(F80))*G80,2) -> 6750 | I80: כמות זמנית 15 – לאימות
A81: 05.29 | B81: נקודת מים וניקוז למכונת כביסה | C81: נקודת מים קרים וניקוז עם ברז ניל להכנה למכונת כביסה (מקרא אינסטלציה, פריט 5). | D81: נק׳ | E81: 2 | G81: 900 | H81: =ROUND(IF(ISNUMBER(E81),E81,N(F81))*G81,2) -> 1800
A82: 05.30 | B82: ברז דלי | C82: ברז דלי למים קרים לניקיון או השקיה בגובה 40 ס״מ (מקרא אינסטלציה, פריט 7). | D82: יח׳ | E82: 2 | G82: 180 | H82: =ROUND(IF(ISNUMBER(E82),E82,N(F82))*G82,2) -> 360
A83: 05.32 | B83: קווי אספקה ראשיים ורכזות מים קומתיות | C83: קווי מים ראשיים מהמונה ועד רכזות המים הקומתיות (מקרא אינסטלציה, פריט 10), כולל מגופים, ווסת לחץ ובידוד צנרת חמה. | D83: קומפ׳ | E83: 1 | G83: 20000 | H83: =ROUND(IF(ISNUMBER(E83),E83,N(F83))*G83,2) -> 20000
A84: 05.33 | B84: מערכת ביוב וניקוז ראשית | C84: קווי ביוב וניקוז ראשיים בכל הקומות עד חיבור למערכת הקיימת או לשוחה, כולל ביקורות, אוורור ובדיקות אטימות. | D84: קומפ׳ | E84: 1 | G84: 18000 | H84: =ROUND(IF(ISNUMBER(E84),E84,N(F84))*G84,2) -> 18000
A85: 05.34 | B85: דוד מים חמים – התקנה וחיבור | C85: התקנת דוד מים חמים וחיבורו למערכת, כולל ברזים, שסתום בטיחות ומפסק זרם (סוג הדוד ומיקומו לפי תוכנית). | D85: יח׳ | F85: 2 | G85: 1200 | H85: =ROUND(IF(ISNUMBER(E85),E85,N(F85))*G85,2) -> 2400 | I85: כמות לפי תוכנית אינסטלציה; כמות זמנית: שני דודים – תחשיב לפי מדידה בפועל
A86: 05.35 | B86: בדיקות לחץ ואטימות ותוכנית עדות | C86: בדיקות לחץ לכל קווי המים ובדיקות אטימות לקווי הביוב לפני כיסוי, בנוכחות המתכננת, כולל דוחות חתומים ותוכנית עדות. | D86: קומפ׳ | E86: 1 | G86: 2500 | H86: =ROUND(IF(ISNUMBER(E86),E86,N(F86))*G86,2) -> 2500
A87: סה״כ פרק 05 — אינסטלציה, התקנת כלים סניטריים וברזים | H87: =SUM(H54:H86) -> 136840
A89: פרק 06 — חשמל
A90: 06.01 | B90: נקודת שקע רגיל | C90: ביצוע נקודת שקע רגיל במיקום ובגובה המתוכננים, לרבות תשתית וחיווט למעגל המתאים, התקנת אביזר הגמר ובדיקת תקינות הנקודה. | D90: יח׳ | E90: 119 | G90: 270 | H90: =ROUND(IF(ISNUMBER(E90),E90,N(F90))*G90,2) -> 32130
A91: 06.02 | B91: נקודת שקע מוגן מים | C91: ביצוע נקודת שקע מוגן מים באזור רטוב או חיצוני, בדרגת הגנה המתאימה למיקום ולדרישות המפרט, לרבות תשתית, חיווט, אביזר הגמר וחיבור למעגל בעל ההגנות הנדרשות. | D91: יח׳ | E91: 51 | G91: 320 | H91: =ROUND(IF(ISNUMBER(E91),E91,N(F91))*G91,2) -> 16320
A92: 06.03 | B92: תשתית להפעלת תריס חשמלי | C92: ביצוע תשתית חשמל להפעלת תריס חשמלי, בהתאם לתוכנית ולשיטת הבקרה שתאושר בכתב בידי המזמין, לרבות צנרת, חיווט וקופסאות הנדרשים לשיטה שנבחרה. מנוע התריס אינו נכלל בסעיף התשתית. | D92: יח׳ | E92: 18 | G92: 380 | H92: =ROUND(IF(ISNUMBER(E92),E92,N(F92))*G92,2) -> 6840
A93: 06.04 | B93: שקע מנוע תריס | C93: ביצוע נקודת שקע למנוע תריס במיקום המתוכנן, לרבות חיווט, קופסה וחיבור למעגל המתאים. יש לתאם את גבול התכולה עם סעיף תשתית התריס כדי למנוע כפל. | D93: יח׳ | E93: 9 | G93: 220 | H93: =ROUND(IF(ISNUMBER(E93),E93,N(F93))*G93,2) -> 1980 | I93: לאימות – ייתכן כפל מול 06.10
A94: 06.05 | B94: נקודת שקע תלת־פאזי | C94: ביצוע נקודת שקע תלת־פאזי בהתאם לייעוד ולעומס המתוכננים, לרבות תשתית, מוליכים, אביזר מתאים, חיבור למעגל ובדיקת תקינות. | D94: יח׳ | E94: 1 | G94: 900 | H94: =ROUND(IF(ISNUMBER(E94),E94,N(F94))*G94,2) -> 900
A95: 06.06 | B95: הרחבת לוח החשמל הראשי | C95: הרחבת והתאמת לוח החשמל הראשי לעומסי הבית והתוספות, בהתאם לתכנון החשמל, לרבות רכיבי הלוח, אמצעי ההגנה, חיבור המעגלים, סימונם ובדיקת תקינות. | D95: קומפ׳ | E95: 1 | G95: 8500 | H95: =ROUND(IF(ISNUMBER(E95),E95,N(F95))*G95,2) -> 8500
A96: 06.07 | B96: אספקה והתקנת פילר חברת החשמל | C96: אספקה והתקנת פילר חדש בכניסה למגרש, בהתאם למיקום ולמפרט שיאושרו בידי חברת החשמל, לרבות עבודות ההתקנה וההתאמות הנדרשות במסגרת הסעיף. | D96: קומפ׳ | E96: 1 | G96: 7000 | H96: =ROUND(IF(ISNUMBER(E96),E96,N(F96))*G96,2) -> 7000
A97: 06.08 | B97: טיפול בהגדלת חיבור החשמל | C97: הכנת והגשת תוכניות ומסמכים לחברת החשמל לצורך הגדלת החיבור ל־3×40 אמפר, טיפול בהליך וקבלת האישורים הנדרשים, באמצעות חשמלאי בעל רישיון מתאים. התשלום לחברת החשמל בעבור הגדלת החיבור עצמה יחול על המזמין, בהתאם למפרט. | D97: קומפ׳ | E97: 1 | G97: 4500 | H97: =ROUND(IF(ISNUMBER(E97),E97,N(F97))*G97,2) -> 4500
A98: 06.09 | B98: בדיקת חשמל סופית | C98: ביצוע בדיקה סופית של מתקן החשמל באמצעות חשמלאי בודק בעל רישיון מתאים, לרבות בדיקות הארקה, בידוד ואמצעי הגנה, והמצאת דוח הבדיקה והאישורים הנדרשים. | D98: קומפ׳ | E98: 1 | G98: 2500 | H98: =ROUND(IF(ISNUMBER(E98),E98,N(F98))*G98,2) -> 2500
A99: 06.10 | B99: נקודת שקע כוח | C99: ביצוע נקודת שקע כוח בהתאם לייעוד המסומן בתוכנית, לרבות תשתית, חיווט, אביזר הגמר וחיבור למעגל המתאים לעומס. ייעוד הנקודה וההבחנה בינה לבין שקע רגיל יוגדרו לפי המקרא. | D99: יח׳ | E99: 9 | G99: 380 | H99: =ROUND(IF(ISNUMBER(E99),E99,N(F99))*G99,2) -> 3420
A100: 06.11 | B100: נקודת הזנה ליחידת מיזוג | C100: נקודת הזנה ייעודית ליחידת מיזוג, כולל מעגל, מפסק והגנות לפי התקן. | D100: נק׳ | F100: 8 | G100: 750 | H100: =ROUND(IF(ISNUMBER(E100),E100,N(F100))*G100,2) -> 6000 | I100: כמות לפי תוכנית מיזוג (7 או 8 לפי הכתב המקורי); כמות זמנית: לפי 7 או 8 בכתב המקורי – נלקח הגבוה – תחשיב לפי מדידה בפועל
A101: 06.12 | B101: נקודת חיבור ישיר | C101: נקודת חיבור ישיר לתנור, כיריים, קולט אדים או תנור חימום (לפי מקרא החשמל). | D101: נק׳ | F101: 6 | G101: 520 | H101: =ROUND(IF(ISNUMBER(E101),E101,N(F101))*G101,2) -> 3120 | I101: כמות לפי ספירה בתוכנית חשמל; כמות זמנית: תנור, קולט, מדיח, מכונת כביסה, מייבש, דוד – תחשיב לפי מדידה בפועל
A102: 06.13 | B102: מפסק זרם לדוד עם נורת סימון | C102: נקודת מפסק זרם לדוד מים חמים עם נורת סימון (מקרא החשמל). | D102: יח׳ | F102: 2 | G102: 350 | H102: =ROUND(IF(ISNUMBER(E102),E102,N(F102))*G102,2) -> 700 | I102: כמות לפי מספר דודים; כמות זמנית: לפי PQ של 05.34 – תחשיב לפי מדידה בפועל
A103: 06.14 | B103: נקודת תרמוסטט למזגן | C103: נקודת הכנה לתרמוסטט מזגן (מקרא החשמל). | D103: נק׳ | F103: 8 | G103: 400 | H103: =ROUND(IF(ISNUMBER(E103),E103,N(F103))*G103,2) -> 3200 | I103: כמות לפי מספר מזגנים; כמות זמנית: לפי 06.11 – תחשיב לפי מדידה בפועל
A104: 06.15 | B104: פעמון ולחצן פעמון | C104: התקנת פעמון בגובה 230 ס״מ ולחצן פעמון בגובה 130 ס״מ, כולל חיווט (מקרא החשמל). | D104: קומפ׳ | E104: 1 | G104: 650 | H104: =ROUND(IF(ISNUMBER(E104),E104,N(F104))*G104,2) -> 650
A105: סה״כ פרק 06 — חשמל | H105: =SUM(H90:H104) -> 97760
A107: פרק 07 — תאורה ומפסקי תאורה
A108: 07.01 | B108: מפסקי הדלקת תאורה (יחיד/כפול/משולש/רביעייה) | C108: ביצוע והתקנת נקודות מפסקי תאורה מכל הסוגים, במיקום ובגובה המתוכננים, לרבות תשתית, חיווט ואביזר גמר, בהתאם לחלוקת ההדלקות בתוכנית. | D108: יח׳ | F108: 55 | G108: 150 | H108: =ROUND(IF(ISNUMBER(E108),E108,N(F108))*G108,2) -> 8250 | I108: כמות לפי ספירה בתוכנית תאורה; כמות זמנית: אומדן ~ 70% ממספר השקעים הפיזיים – תחשיב לפי מדידה בפועל
A109: 07.02 | B109: מפסקי מחלף (יחיד/משולש) | C109: ביצוע והתקנת נקודות מפסקי מחלף להפעלת מעגלי תאורה ממיקומים שונים, לרבות תשתית, חיווט ואביזר גמר התואמים לחלוקת המעגלים. | D109: יח׳ | F109: 12 | G109: 200 | H109: =ROUND(IF(ISNUMBER(E109),E109,N(F109))*G109,2) -> 2400 | I109: כמות לפי ספירה בתוכנית תאורה; כמות זמנית: אומדן – תחשיב לפי מדידה בפועל
A110: 07.03 | B110: התקנת גוף תאורה צמוד תקרה | C110: התקנת גוף תאורה צמוד תקרה במיקום המתוכנן, לרבות קיבוע לתשתית, חיבור חשמלי ובדיקת פעולה. | D110: יח׳ | E110: 15 | G110: 220 | H110: =ROUND(IF(ISNUMBER(E110),E110,N(F110))*G110,2) -> 3300
A111: 07.04 | B111: התקנת גוף תאורה תלוי | C111: התקנת גוף תאורה תלוי, לרבות קיבוע מערכת התלייה, התאמת גובה התלייה לפי התוכנית והנחיות המתכננת, חיבור חשמלי ובדיקת פעולה. | D111: יח׳ | E111: 22 | G111: 320 | H111: =ROUND(IF(ISNUMBER(E111),E111,N(F111))*G111,2) -> 7040
A112: 07.05 | B112: התקנת גוף תאורה קירי מוגן | C112: התקנת גוף תאורה קירי מוגן במיקום ובגובה המסומנים בתוכנית, לרבות קיבוע, חיבור חשמלי ואטימת מפגש ההתקנה בהתאם למוצר ולמיקום. | D112: יח׳ | E112: 30 | G112: 220 | H112: =ROUND(IF(ISNUMBER(E112),E112,N(F112))*G112,2) -> 6600
A113: 07.06 | B113: התקנת גוף תאורה שקוע בקיר, מוגן | C113: התקנת גוף תאורה מוגן השקוע בקיר, לרבות שילוב רכיבי ההתקנה של הגוף במיקום המתוכנן, התאמה למישור הגמר, חיבור ובדיקת פעולה. | D113: יח׳ | E113: 35 | G113: 300 | H113: =ROUND(IF(ISNUMBER(E113),E113,N(F113))*G113,2) -> 10500
A114: 07.07 | B114: התקנת ספוט שקוע בתקרת גבס | C114: התקנת ספוט שקוע בתקרת גבס, בתיאום מוקדם עם עבודות הגבס, לרבות התאמת הפתח לגוף, קיבוע, חיבור חשמלי ובדיקת פעולה. | D114: יח׳ | E114: 25 | G114: 85 | H114: =ROUND(IF(ISNUMBER(E114),E114,N(F114))*G114,2) -> 2125
A115: 07.08 | B115: התקנת פס תאורת לד נסתר | C115: התקנת פס תאורת לד נסתר במיקום המתוכנן, לרבות רכיבי ההתקנה וההפעלה שסופקו עם המערכת, חיבור לנקודת ההזנה ובדיקת רציפות ופעולה. | D115: יח׳ | E115: 11 | G115: 350 | H115: =ROUND(IF(ISNUMBER(E115),E115,N(F115))*G115,2) -> 3850
A116: 07.09 | B116: התקנת פס תאורה שקוע בגבס | C116: התקנת פס תאורה שקוע בגבס, לרבות שילוב פרופיל ההתקנה התואם למוצר, תיאום עם קבלן הגבס, התאמה למישור הגמר, חיבור ובדיקת פעולה. | D116: יח׳ | E116: 2 | G116: 450 | H116: =ROUND(IF(ISNUMBER(E116),E116,N(F116))*G116,2) -> 900
A117: 07.10 | B117: התקנת פס תאורה צמוד תקרה | C117: התקנת פס תאורה צמוד תקרה, לרבות קיבוע ישר ואחיד, התקנת רכיבי המערכת שסופקו, חיבור לנקודת ההזנה ובדיקת פעולה. | D117: יח׳ | E117: 9 | G117: 300 | H117: =ROUND(IF(ISNUMBER(E117),E117,N(F117))*G117,2) -> 2700
A118: 07.11 | B118: נקודת הזנה לפס לד | C118: ביצוע נקודת הזנה ייעודית לפס לד, לרבות צנרת, חיווט וחיבור למעגל המתוכנן, במיקום מתואם עם גוף התאורה ועם רכיבי ההפעלה שלו. | D118: יח׳ | E118: 25 | G118: 280 | H118: =ROUND(IF(ISNUMBER(E118),E118,N(F118))*G118,2) -> 7000
A119: 07.12 | B119: התקנת גוף תאורה מוגן מים | C119: התקנת גוף תאורה מוגן מים באזור רטוב או חיצוני, בהתאם לסוג ולמיקום המסומנים במקרא, לרבות קיבוע, חיבור ובדיקת פעולה. | D119: יח׳ | E119: 8 | G119: 240 | H119: =ROUND(IF(ISNUMBER(E119),E119,N(F119))*G119,2) -> 1920
A120: 07.13 | B120: התקנת גוף תאורה קירי | C120: התקנת גוף תאורה קירי במיקום ובגובה המתוכננים, לרבות קיבוע לתשתית, חיבור חשמלי ובדיקת פעולה. | D120: יח׳ | E120: 5 | G120: 200 | H120: =ROUND(IF(ISNUMBER(E120),E120,N(F120))*G120,2) -> 1000
A121: 07.14 | B121: התקנת גוף תאורה שקוע בקיר | C121: התקנת גוף תאורה שקוע בקיר, לרבות שילוב רכיבי ההתקנה, התאמה למישור הגמר, חיבור חשמלי ובדיקת פעולה. | D121: יח׳ | E121: 10 | G121: 300 | H121: =ROUND(IF(ISNUMBER(E121),E121,N(F121))*G121,2) -> 3000
...

Sheet סיכום הצעה
A1: סיכום הצעת מחיר – שלונסקי 53
A3: פרק | B3: סה״כ (₪)
A4: פרק 01 — הכנות והתארגנות לביצוע | B4: ='הצעת מחיר'!H15 -> 61625
A5: פרק 02 — הריסות, פירוקים ופינוי | B5: ='הצעת מחיר'!H38 -> 117510
A6: פרק 03 — בנייה ותוספות מבניות | B6: ='הצעת מחיר'!H45 -> 246000
A7: פרק 04 — חלוקה חדשה בקירות בלוקים | B7: ='הצעת מחיר'!H51 -> 7824
A8: פרק 05 — אינסטלציה, התקנת כלים סניטריים וברזים | B8: ='הצעת מחיר'!H87 -> 136840
A9: פרק 06 — חשמל | B9: ='הצעת מחיר'!H105 -> 97760
A10: פרק 07 — תאורה ומפסקי תאורה | B10: ='הצעת מחיר'!H128 -> 89605
A11: פרק 08 — מיזוג אוויר | B11: ='הצעת מחיר'!H135 -> 27050
A12: פרק 09 — מחיצות ותקרות גבס | B12: ='הצעת מחיר'!H142 -> 61529
A13: פרק 10 — איטום פנים | B13: ='הצעת מחיר'!H149 -> 37519
A14: פרק 11 — איטום גג ופרפט | B14: ='הצעת מחיר'!H157 -> 81450
A15: פרק 12 — אדני חלונות וספי פתחים | B15: ='הצעת מחיר'!H164 -> 29994.9
A16: פרק 13 — ריצופים, חיפויים ופנלים | B16: ='הצעת מחיר'!H173 -> 242563
A17: פרק 14 — טיח וגמר צבעוני חוץ | B17: ='הצעת מחיר'!H179 -> 55250
A18: פרק 15 — תיקוני טיח, שפכטל וצבע פנים | B18: ='הצעת מחיר'!H185 -> 57600
A19: פרק 16 — אלומיניום, דלתות ושערים | B19: ='הצעת מחיר'!H196 -> 232200
A20: פרק 17 — פיתוח חוץ | B20: ='הצעת מחיר'!H203 -> 51875
A21: פרק 18 — תשתיות תקשורת, מיגון, אינטרקום ושמע | B21: ='הצעת מחיר'!H211 -> 23000
A22: סה״כ עלות ישירה | B22: =SUM(B4:B21) -> 1657194.9
A23: הוצאות כלליות, ניהול, ביטוחים, ערבויות ורווח קבלן | B23: =ROUND(B22*C23,2) -> 248579.24 | C23: 0.15
A24: סה״כ לפני מע״מ | B24: =B22+B23 -> 1905774.1
A25: מע״מ | B25: =ROUND(B24*C25,2) -> 343039.35 | C25: 0.18
A26: סה״כ כולל מע״מ | B26: =B24+B25 -> 2248813.5
A28: מזה: סעיפים על בסיס כמויות זמניות (לפני תוספות) | B28: =SUMPRODUCT(--NOT(ISNUMBER('הצעת מחיר'!E5:E211)),--ISNUMBER('הצעת מחיר'!F5:F211),'הצעת מחיר'!H5:H211) -> 153735
A29: מזה: סעיפי קומפלט קונסטרוקטיביים (פרק 3, אומדן גס) | B29: ='הצעת מחיר'!H45 -> 246000
A30: לא כלול: אספקת כלים סניטריים וברזים, גופי תאורה, יחידות מיזוג ודודים; אספקת אריחי ריצוף וחיפוי; בריכה; נגרות; אגרות והגדלת חיבור חשמל לחברת החשמל; יועצים (איטום, קונסטרוקטור, תאורה)

Sheet בסיס תמחור
A1: סעיף | B1: שם | C1: יחידה | D1: מחיר יחידה (₪) | E1: בסיס המחיר | F1: הערה
A2: 01.01 | B2: התארגנות אתר | C2: קומפ׳ | D2: 8000 | E2: הערכת כמאי מעודכנת – רמת מחירי שיפוץ פרטי (הופחת ~15–25% לעומת הגרסה הקודמת)
A3: 01.02 | B3: גידור, שילוט ואמצעי בטיחות באתר | C3: קומפ׳ | D3: 4000 | E3: הערכת כמאי מעודכנת – רמת מחירי שיפוץ פרטי (הופחת ~15–25% לעומת הגרסה הקודמת)
A4: 01.03 | B4: חיבור מים זמני | C4: קומפ׳ | D4: 1500 | E4: הערכת כמאי מעודכנת – רמת מחירי שיפוץ פרטי (הופחת ~15–25% לעומת הגרסה הקודמת)
A5: 01.04 | B5: חיבור חשמל זמני | C5: קומפ׳ | D5: 3000 | E5: הערכת כמאי מעודכנת – רמת מחירי שיפוץ פרטי (הופחת ~15–25% לעומת הגרסה הקודמת)
A6: 01.05 | B6: הגנה על אלמנטים קיימים | C6: קומפ׳ | D6: 5000 | E6: הערכת כמאי מעודכנת – רמת מחירי שיפוץ פרטי (הופחת ~15–25% לעומת הגרסה הקודמת)
A7: 01.06 | B7: מדידות, אימות וסימון בלייזר | C7: קומפ׳ | D7: 3000 | E7: הערכת כמאי מעודכנת – רמת מחירי שיפוץ פרטי (הופחת ~15–25% לעומת הגרסה הקודמת)
A8: 01.07 | B8: מכולת פסולת והסדרת אזור ריכוז פסולת | C8: קומפ׳ | D8: 9000 | E8: הערכת כמאי מעודכנת – רמת מחירי שיפוץ פרטי (הופחת ~15–25% לעומת הגרסה הקודמת)
A9: 01.08 | B9: ניקיון שוטף בתקופת הביצוע | C9: קומפ׳ | D9: 9000 | E9: הערכת כמאי מעודכנת – רמת מחירי שיפוץ פרטי (הופחת ~15–25% לעומת הגרסה הקודמת)
A10: 01.09 | B10: פיגום חיצוני לחזיתות | C10: מ״ר | D10: 85 | E10: הערכת כמאי: הקמה ופירוק ~40 + שכירות ~4.5 חודשים ×10 ₪/מ"ר/חודש; לפי לוח הזמנים | F10: כמות זמנית
A11: 02.01 | B11: פירוק קירות ומחיצות במרתף | C11: מ״ר | D11: 120 | E11: הערכת כמאי מעודכנת – רמת מחירי שיפוץ פרטי (הופחת ~15–25% לעומת הגרסה הקודמת)
A12: 02.02 | B12: פירוק קירות ומחיצות בקומת הקרקע | C12: מ״ר | D12: 120 | E12: הערכת כמאי מעודכנת – רמת מחירי שיפוץ פרטי (הופחת ~15–25% לעומת הגרסה הקודמת)
A13: 02.03 | B13: פירוק קירות ומחיצות בקומה א׳ | C13: מ״ר | D13: 120 | E13: הערכת כמאי מעודכנת – רמת מחירי שיפוץ פרטי (הופחת ~15–25% לעומת הגרסה הקודמת)
A14: 02.04 | B14: פירוק תקרות גבס קיימות | C14: מ״ר | D14: 50 | E14: הערכת כמאי מעודכנת – רמת מחירי שיפוץ פרטי (הופחת ~15–25% לעומת הגרסה הקודמת)
A15: 02.05 | B15: פירוק ריצופים קיימים | C15: מ״ר | D15: 90 | E15: סקר: pro.co.il – פירוק ריצוף 90–110 ₪/מ"ר כולל מע"מ, ללא תאריך | הותאם לשיפוץ
A16: 02.06 | B16: פירוק ארונות מטבח קיימים | C16: קומפ׳ | D16: 2000 | E16: הערכת כמאי מעודכנת – רמת מחירי שיפוץ פרטי (הופחת ~15–25% לעומת הגרסה הקודמת)
A17: 02.07 | B17: פירוק ארונות ונגרות קיימת אחרת | C17: יח׳ | D17: 2500 | E17: הערכת כמאי מעודכנת – רמת מחירי שיפוץ פרטי (הופחת ~15–25% לעומת הגרסה הקודמת)
A18: 02.08 | B18: פירוק חלונות אלומיניום ותריסים קיימים – קומפלט | C18: קומפ׳ | D18: 6000 | E18: הערכת כמאי מעודכנת – רמת מחירי שיפוץ פרטי (הופחת ~15–25% לעומת הגרסה הקודמת)
A19: 02.09 | B19: פירוק דלתות פנים וכניסה ומשקופים – קומפלט | C19: קומפ׳ | D19: 3500 | E19: הערכת כמאי מעודכנת – רמת מחירי שיפוץ פרטי (הופחת ~15–25% לעומת הגרסה הקודמת)
A20: 02.10 | B20: פירוק חדרי רחצה, שירותים וכלים סניטריים – קומפלט | C20: קומפ׳ | D20: 8000 | E20: הערכת כמאי מעודכנת – רמת מחירי שיפוץ פרטי (הופחת ~15–25% לעומת הגרסה הקודמת)
A21: 02.11 | B21: פירוק נקודות, אביזרי חשמל וגופי תאורה קיימים | C21: קומפ׳ | D21: 4000 | E21: הערכת כמאי מעודכנת – רמת מחירי שיפוץ פרטי (הופחת ~15–25% לעומת הגרסה הקודמת)
A22: 02.12 | B22: פירוק צנרת אינסטלציה גלויה קיימת | C22: קומפ׳ | D22: 3000 | E22: הערכת כמאי מעודכנת – רמת מחירי שיפוץ פרטי (הופחת ~15–25% לעומת הגרסה הקודמת)
... A68: 05.33 | B68: מערכת ביוב וניקוז ראשית | C68: קומפ׳ | D68: 18000 | E68: הערכת כמאי מעודכנת – רמת מחירי שיפוץ פרטי (הופחת ~15–25% לעומת הגרסה הקודמת)
A69: 05.34 | B69: דוד מים חמים – התקנה וחיבור | C69: יח׳ | D69: 1200 | E69: הערכת כמאי מעודכנת – רמת מחירי שיפוץ פרטי (הופחת ~15–25% לעומת הגרסה הקודמת) | F69: כמות זמנית
A70: 05.35 | B70: בדיקות לחץ ואטימות ותוכנית עדות | C70: קומפ׳ | D70: 2500 | E70: הערכת כמאי מעודכנת – רמת מחירי שיפוץ פרטי (הופחת ~15–25% לעומת הגרסה הקודמת)
A71: 06.01 | B71: נקודת שקע רגיל | C71: יח׳ | D71: 270 | E71: סקר: midrag.co.il / oz-shiputsim.co.il – נקודת חשמל 350–700 ₪ (עד 2,000 בנקודה מורכבת) | הותאם לשיפוץ
A72: 06.02 | B72: נקודת שקע מוגן מים | C72: יח׳ | D72: 320 | E72: סקר: midrag.co.il / oz-shiputsim.co.il – נקודת חשמל 350–700 ₪ (עד 2,000 בנקודה מורכבת) | הותאם לשיפוץ
A73: 06.03 | B73: תשתית להפעלת תריס חשמלי | C73: יח׳ | D73: 380 | E73: הערכת כמאי מעודכנת – רמת מחירי שיפוץ פרטי (הופחת ~15–25% לעומת הגרסה הקודמת)
A74: 06.04 | B74: שקע מנוע תריס | C74: יח׳ | D74: 220 | E74: הערכת כמאי מעודכנת – רמת מחירי שיפוץ פרטי (הופחת ~15–25% לעומת הגרסה הקודמת)
A75: 06.05 | B75: נקודת שקע תלת־פאזי | C75: יח׳ | D75: 900 | E75: סקר: midrag.co.il / oz-shiputsim.co.il – נקודת חשמל 350–700 ₪ (עד 2,000 בנקודה מורכבת) | הותאם לשיפוץ
A76: 06.06 | B76: הרחבת לוח החשמל הראשי | C76: קומפ׳ | D76: 8500 | E76: הערכת כמאי מעודכנת – רמת מחירי שיפוץ פרטי (הופחת ~15–25% לעומת הגרסה הקודמת)
A77: 06.07 | B77: אספקה והתקנת פילר חברת החשמל | C77: קומפ׳ | D77: 7000 | E77: הערכת כמאי מעודכנת – רמת מחירי שיפוץ פרטי (הופחת ~15–25% לעומת הגרסה הקודמת)
A78: 06.08 | B78: טיפול בהגדלת חיבור החשמל | C78: קומפ׳ | D78: 4500 | E78: הערכת כמאי מעודכנת – רמת מחירי שיפוץ פרטי (הופחת ~15–25% לעומת הגרסה הקודמת)
A79: 06.09 | B79: בדיקת חשמל סופית | C79: קומפ׳ | D79: 2500 | E79: הערכת כמאי מעודכנת – רמת מחירי שיפוץ פרטי (הופחת ~15–25% לעומת הגרסה הקודמת)
A80: 06.10 | B80: נקודת שקע כוח | C80: יח׳ | D80: 380 | E80: סקר: midrag.co.il / oz-shiputsim.co.il – נקודת חשמל 350–700 ₪ (עד 2,000 בנקודה מורכבת) | הותאם לשיפוץ
A81: 06.11 | B81: נקודת הזנה ליחידת מיזוג | C81: נק׳ | D81: 750 | E81: הערכת כמאי מעודכנת – רמת מחירי שיפוץ פרטי (הופחת ~15–25% לעומת הגרסה הקודמת) | F81: כמות זמנית
A82: 06.12 | B82: נקודת חיבור ישיר | C82: נק׳ | D82: 520 | E82: הערכת כמאי מעודכנת – רמת מחירי שיפוץ פרטי (הופחת ~15–25% לעומת הגרסה הקודמת) | F82: כמות זמנית
A83: 06.13 | B83: מפסק זרם לדוד עם נורת סימון | C83: יח׳ | D83: 350 | E83: הערכת כמאי מעודכנת – רמת מחירי שיפוץ פרטי (הופחת ~15–25% לעומת הגרסה הקודמת) | F83: כמות זמנית
A84: 06.14 | B84: נקודת תרמוסטט למזגן | C84: נק׳ | D84: 400 | E84: הערכת כמאי מעודכנת – רמת מחירי שיפוץ פרטי (הופחת ~15–25% לעומת הגרסה הקודמת) | F84: כמות זמנית
A85: 06.15 | B85: פעמון ולחצן פעמון | C85: קומפ׳ | D85: 650 | E85: הערכת כמאי מעודכנת – רמת מחירי שיפוץ פרטי (הופחת ~15–25% לעומת הגרסה הקודמת)
A86: 07.01 | B86: מפסקי הדלקת תאורה (יחיד/כפול/משולש/רביעייה) | C86: יח׳ | D86: 150 | E86: הערכת כמאי מעודכנת – רמת מחירי שיפוץ פרטי (הופחת ~15–25% לעומת הגרסה הקודמת) | F86: כמות זמנית
A87: 07.02 | B87: מפסקי מחלף (יחיד/משולש) | C87: יח׳ | D87: 200 | E87: הערכת כמאי מעודכנת – רמת מחירי שיפוץ פרטי (הופחת ~15–25% לעומת הגרסה הקודמת) | F87: כמות זמנית
A88: 07.03 | B88: התקנת גוף תאורה צמוד תקרה | C88: יח׳ | D88: 220 | E88: הערכת כמאי מעודכנת – רמת מחירי שיפוץ פרטי (הופחת ~15–25% לעומת הגרסה הקודמת)
A89: 07.04 | B89: התקנת גוף תאורה תלוי | C89: יח׳ | D89: 320 | E89: הערכת כמאי מעודכנת – רמת מחירי שיפוץ פרטי (הופחת ~15–25% לעומת הגרסה הקודמת)
A90: 07.05 | B90: התקנת גוף תאורה קירי מוגן | C90: יח׳ | D90: 220 | E90: הערכת כמאי מעודכנת – רמת מחירי שיפוץ פרטי (הופחת ~15–25% לעומת הגרסה הקודמת)
A91: 07.06 | B91: התקנת גוף תאורה שקוע בקיר, מוגן | C91: יח׳ | D91: 300 | E91: הערכת כמאי מעודכנת – רמת מחירי שיפוץ פרטי (הופחת ~15–25% לעומת הגרסה הקודמת)
A92: 07.07 | B92: התקנת ספוט שקוע בתקרת גבס | C92: יח׳ | D92: 85 | E92: הערכת כמאי מעודכנת – רמת מחירי שיפוץ פרטי (הופחת ~15–25% לעומת הגרסה הקודמת)
A93: 07.08 | B93: התקנת פס תאורת לד נסתר | C93: יח׳ | D93: 350 | E93: הערכת כמאי מעודכנת – רמת מחירי שיפוץ פרטי (הופחת ~15–25% לעומת הגרסה הקודמת)
A94: 07.09 | B94: התקנת פס תאורה שקוע בגבס | C94: יח׳ | D94: 450 | E94: הערכת כמאי מעודכנת – רמת מחירי שיפוץ פרטי (הופחת ~15–25% לעומת הגרסה הקודמת)
A95: 07.10 | B95: התקנת פס תאורה צמוד תקרה | C95: יח׳ | D95: 300 | E95: הערכת כמאי מעודכנת – רמת מחירי שיפוץ פרטי (הופחת ~15–25% לעומת הגרסה הקודמת)
A96: 07.11 | B96: נקודת הזנה לפס לד | C96: יח׳ | D96: 280 | E96: הערכת כמאי מעודכנת – רמת מחירי שיפוץ פרטי (הופחת ~15–25% לעומת הגרסה הקודמת)
A97: 07.12 | B97: התקנת גוף תאורה מוגן מים | C97: יח׳ | D97: 240 | E97: הערכת כמאי מעודכנת – רמת מחירי שיפוץ פרטי (הופחת ~15–25% לעומת הגרסה הקודמת)
A98: 07.13 | B98: התקנת גוף תאורה קירי | C98: יח׳ | D98: 200 | E98: הערכת כמאי מעודכנת – רמת מחירי שיפוץ פרטי (הופחת ~15–25% לעומת הגרסה הקודמת)
A99: 07.14 | B99: התקנת גוף תאורה שקוע בקיר | C99: יח׳ | D99: 300 | E99: הערכת כמאי מעודכנת – רמת מחירי שיפוץ פרטי (הופחת ~15–25% לעומת הגרסה הקודמת)
... A102: 07.17 | B102: התקנת ספוט צילינדר צמוד תקרה | C102: יח׳ | D102: 100 | E102: הערכת כמאי מעודכנת – רמת מחירי שיפוץ פרטי (הופחת ~15–25% לעומת הגרסה הקודמת)
A103: 07.18 | B103: התקנת תאורת חירום דו־תכליתית | C103: יח׳ | D103: 280 | E103: הערכת כמאי מעודכנת – רמת מחירי שיפוץ פרטי (הופחת ~15–25% לעומת הגרסה הקודמת) | F103: כמות זמנית
A104: 07.19 | B104: התקנת מקבץ ספוטים „נצנצים” שקוע בגבס | C104: יח׳ | D104: 170 | E104: הערכת כמאי מעודכנת – רמת מחירי שיפוץ פרטי (הופחת ~15–25% לעומת הגרסה הקודמת)
A105: 07.20 | B105: נקודת הזנה כללית לתאורה | C105: יח׳ | D105: 300 | E105: הערכת כמאי מעודכנת – רמת מחירי שיפוץ פרטי (הופחת ~15–25% לעומת הגרסה הקודמת)
A106: 08.01 | B106: התקנת יחידת מיזוג פנימית | C106: יח׳ | D106: 700 | E106: הערכת כמאי מעודכנת – רמת מחירי שיפוץ פרטי (הופחת ~15–25% לעומת הגרסה הקודמת) | F106: כמות זמנית
A107: 08.02 | B107: צנרת קירור וניקוז ליחידות המיזוג | C107: מ״א | D107: 150 | E107: הערכת כמאי מעודכנת – רמת מחירי שיפוץ פרטי (הופחת ~15–25% לעומת הגרסה הקודמת) | F107: כמות זמנית
A108: 08.03 | B108: בדיקות ואקום ולחץ | C108: קומפ׳ | D108: 2200 | E108: הערכת כמאי מעודכנת – רמת מחירי שיפוץ פרטי (הופחת ~15–25% לעומת הגרסה הקודמת)
A109: 08.04 | B109: התקנת יחידות מיזוג חיצוניות | C109: יח׳ | D109: 850 | E109: הערכת כמאי מעודכנת – רמת מחירי שיפוץ פרטי (הופחת ~15–25% לעומת הגרסה הקודמת) | F109: כמות זמנית
A110: 09.01 | B110: מחיצות גבס במרתף | C110: מ״ר | D110: 380 | E110: סקר: bonimbayit.co.il – גבס 350–400 ₪/מ"ר כולל חומר והתקנה (2026) | הותאם לשיפוץ
A111: 09.02 | B111: מחיצות גבס בקומת הקרקע | C111: מ״ר | D111: 380 | E111: סקר: bonimbayit.co.il – גבס 350–400 ₪/מ"ר כולל חומר והתקנה (2026) | הותאם לשיפוץ
A112: 09.03 | B112: מחיצות גבס בקומה א׳ ובגלריה | C112: מ״ר | D112: 380 | E112: סקר: bonimbayit.co.il – גבס 350–400 ₪/מ"ר כולל חומר והתקנה (2026) | הותאם לשיפוץ
A113: 09.04 | B113: תקרות גבס תלויות | C113: מ״ר | D113: 330 | E113: סקר: bonimbayit.co.il – גבס 350–400 ₪/מ"ר כולל חומר והתקנה (2026) | הותאם לשיפוץ
A114: 10.01 | B114: איטום רצפות חדרים רטובים | C114: מ״ר | D114: 140 | E114: סקר: midrag.co.il / itum1.co.il – איטום חדר רטוב 100–250 ₪/מ"ר | הותאם לשיפוץ
A115: 10.02 | B115: איטום קירות חדרים רטובים | C115: מ״ר | D115: 110 | E115: סקר: midrag.co.il / itum1.co.il – איטום חדר רטוב 100–250 ₪/מ"ר | הותאם לשיפוץ
A116: 10.03 | B116: בדיקות הצפה לחדרים רטובים | C116: קומפ׳ | D116: 500 | E116: הערכת כמאי מעודכנת – רמת מחירי שיפוץ פרטי (הופחת ~15–25% לעומת הגרסה הקודמת)
A117: 10.04 | B117: איטום מרפסות | C117: מ״ר | D117: 170 | E117: סקר: midrag.co.il / itum1.co.il – איטום חדר רטוב 100–250 ₪/מ"ר | הותאם לשיפוץ
A118: 11.01 | B118: בדיקת קונסטרוקטור למבנה הגג החשוף | C118: קומפ׳ | D118: 2500 | E118: הערכת כמאי מעודכנת – רמת מחירי שיפוץ פרטי (הופחת ~15–25% לעומת הגרסה הקודמת)
A119: 11.02 | B119: בניית פרפט חדש להסתרת שיפוע הגג | C119: מ״א | D119: 520 | E119: הערכת כמאי מעודכנת – רמת מחירי שיפוץ פרטי (הופחת ~15–25% לעומת הגרסה הקודמת) | F119: כמות זמנית
A120: 11.03 | B120: איטום מלא של הגג והפרפט | C120: מ״ר | D120: 190 | E120: הערכת כמאי מעודכנת – רמת מחירי שיפוץ פרטי (הופחת ~15–25% לעומת הגרסה הקודמת) | F120: כמות זמנית
A121: 11.04 | B121: פח קופינג עליון | C121: מ״א | D121: 230 | E121: הערכת כמאי מעודכנת – רמת מחירי שיפוץ פרטי (הופחת ~15–25% לעומת הגרסה הקודמת) | F121: כמות זמנית
A122: 11.05 | B122: בדיקה ושימור מערכת ניקוז קיימת | C122: קומפ׳ | D122: 3500 | E122: הערכת כמאי מעודכנת – רמת מחירי שיפוץ פרטי (הופחת ~15–25% לעומת הגרסה הקודמת)
A123: 12.01 | B123: התקנת אדני חלונות פנימיים | C123: מ״א | D123: 340 | E123: הערכת כמאי מעודכנת – רמת מחירי שיפוץ פרטי (הופחת ~15–25% לעומת הגרסה הקודמת)
A124: 12.02 | B124: התקנת ספי חלונות חיצוניים | C124: מ״א | D124: 300 | E124: הערכת כמאי מעודכנת – רמת מחירי שיפוץ פרטי (הופחת ~15–25% לעומת הגרסה הקודמת)
A125: 12.03 | B125: התקנת ספי דלתות | C125: מ״א | D125: 200 | E125: הערכת כמאי מעודכנת – רמת מחירי שיפוץ פרטי (הופחת ~15–25% לעומת הגרסה הקודמת)
A126: 12.04 | B126: איטום סביב אדנים וספים | C126: מ״א | D126: 35 | E126: הערכת כמאי מעודכנת – רמת מחירי שיפוץ פרטי (הופחת ~15–25% לעומת הגרסה הקודמת)
A127: 13.01 | B127: ריצוף פנים באריחים 120×120 ס״מ, כולל רצפות מקלחות | C127: מ״ר | D127: 280 | E127: סקר: pro.co.il – הדבקת ריצוף 200–250 ₪/מ"ר כולל מע"מ, ללא תאריך; הותאם לפורמט גדול | הותאם לשיפוץ
A128: 13.02 | B128: ריצוף פנים במרתף באריחים 120×60 ס״מ | C128: מ״ר | D128: 230 | E128: סקר: pro.co.il – הדבקת ריצוף 200–250 ₪/מ"ר כולל מע"מ, ללא תאריך; הותאם לפורמט גדול | הותאם לשיפוץ
A129: 13.03 | B129: חיפוי קירות מקלחות באריחים 120×60 ס״מ | C129: מ״ר | D129: 420 | E129: סקר: pro.co.il – חיפוי קיר 600–700 ₪/מ"ר כולל מע"מ, ללא תאריך (ללא מע"מ ~510–600); הותאם | הותאם לשיפוץ
A130: 13.04 | B130: התקנת פנלים | C130: מ״א | D130: 75 | E130: הערכת כמאי מעודכנת – רמת מחירי שיפוץ פרטי (הופחת ~15–25% לעומת הגרסה הקודמת)
A131: 13.05 | B131: ריצוף חוץ ומרפסות באריחים 120×60 ס״מ, R11 | C131: מ״ר | D131: 260 | E131: סקר: pro.co.il – הדבקת ריצוף 200–250 ₪/מ"ר כולל מע"מ, ללא תאריך; הותאם לפורמט גדול | הותאם לשיפוץ
A132: 13.07 | B132: חיפוי מדרגות פנים (שלח ורום) | C132: מ״א | D132: 320 | E132: הערכת כמאי מעודכנת – רמת מחירי שיפוץ פרטי (הופחת ~15–25% לעומת הגרסה הקודמת)
A133: 14.01 | B133: הכנת תשתית וטיח צבעוני לחזיתות הבית | C133: מ״ר | D133: 210 | E133: הערכת כמאי מעודכנת – רמת מחירי שיפוץ פרטי (הופחת ~15–25% לעומת הגרסה הקודמת)
... A154: 18.04 | B154: בדיקות רציפות לתשתיות | C154: קומפ׳ | D154: 1500 | E154: הערכת כמאי מעודכנת – רמת מחירי שיפוץ פרטי (הופחת ~15–25% לעומת הגרסה הקודמת)
A155: 18.05 | B155: נקודות תקשורת (טלוויזיה, טלפון/אינטרקום, אינטרנט) | C155: נק׳ | D155: 250 | E155: הערכת כמאי מעודכנת – רמת מחירי שיפוץ פרטי (הופחת ~15–25% לעומת הגרסה הקודמת) | F155: כמות זמנית

Sheet סקר שוק
A1: נושא | B1: ממצא | C1: מקור | D1: הערת אמינות
A2: איטום חדר רטוב | B2: 100–250 ₪ למ"ר | C2: https://www.midrag.co.il/Content/Tip/19385 ; https://www.itum1.co.il | D2: אתרי פרסום; ללא תאריך ברור
A3: גבס | B3: 350–400 ₪ למ"ר כולל חומר והתקנה | C3: https://bonimbayit.co.il/private-home-construction-costs-2026/ | D3: מחירון 2026 לבית פרטי
A4: נקודת חשמל | B4: 350–2,000 ₪; חד־פאזית בבלוקים 500–700; בגבס מ-220 | C4: https://www.midrag.co.il/Content/Price/5586 ; https://oz-shiputsim.co.il | D4: אתרי חשמלאים; טווחים רחבים
A5: נקודת מים | B5: 700–1,500 ₪; חמים וקרים 1,600–2,500 ₪ | C5: https://mrplumber.co.il ; https://piper.co.il | D5: אתרי אינסטלטורים
A6: ריצוף, פירוק וחיפוי | B6: פירוק ריצוף 90–110; הדבקת ריצוף 200–250; חיפוי קיר 600–700 ₪ למ"ר, כולל מע"מ | C6: https://www.pro.co.il/general-contractors | D6: מחירון ללא תאריך, כולל מע"מ
A7: מדד תשומות הבנייה | B7: עלייה של 3.7% בשנה עד יוני 2026; רוב העלייה משכר עבודה | C7: https://klikatnadlan.co.il/tashumotjune2026/ (מצטט את הלמ"ס, הודעה 221/2026) | D7: נתוני יולי–ספטמבר לא נמצאו
A8: מגבלות הסקר | B8: לא נמצאו מחירים למ"ר לצבע, שפכטל, אלומיניום, שערים, מיזוג ופיתוח. שאר מחירי היחידה הם הערכת כמאי. לא נעשה שימוש במחירון דקל (אין גישה מורשית) | C8: — | D8: מומלץ לאמת מול הצעות ספקים ו/או דקל לפני הגשה
A9: תאריך הסקר | B9: 08/10/2026 | C9: — | D9: —

Sheet הנחות והחרגות
A1: # | B1: סוג | C1: תיאור
A2: 1 | B2: הנחה | C2: מחירי היחידה הם לפני מע״מ, בסיס אוקטובר 2026, לפרויקט שיפוץ פרטי (לא מכרז גדול), ללא הצמדה
A3: 2 | B3: הנחה | C3: אספקה: כלים סניטריים, ברזים, גופי תאורה, יחידות מיזוג, דודים ואריחי ריצוף/חיפוי – אספקה על המזמין; התמחור להתקנה בלבד. עד שיתקבלו דגמים (פרק 19 במפרט טרם הושלם). אלומיניום, דלתות, שערים, תריסים ואדני אבן – אספקה והתקנה
A4: 3 | B4: הנחה | C4: סעיפים ללא כמות בתוכניות: כמות זמנית לתמחור (עמודה F). החשבון הסופי לפי מדידה בפועל
A5: 4 | B5: הנחה | C5: פרק 3 (שלד): אומדן גס ללא תוכניות קונסטרוקציה – מומלץ סכום זמני עד לקבלת תוכניות
A6: 5 | B6: הנחה | C6: תוספת 15% להוצאות כלליות, ביטוחים, ערבויות ורווח (ניתנת לשינוי בגיליון הסיכום). אין תוספת בלתי צפויים
A7: 6 | B7: החרגה | C7: בריכה, נגרות (מטבחים וארונות), גינון מעבר לסכום הקומפלט, אגרות והיתרים, יועצים, הגדלת חיבור חשמל (התשלום לחברת החשמל), ריהוט
A8: 7 | B8: החרגה | C8: סתירות בכמויות (ראו "יומן חריגים"): הריסה קרקע 51/86, גבס קומה א׳ 52/57, ספוטים 111/115, מאווררים 6/12, כפל אפשרי 06.04/06.10
A9: 8 | B9: הנחה | C9: לוח זמנים: ראו קובץ לוח הזמנים (כ-31 שבועות). אין התחשבות במחירי הארכת זמן
A10: 9 | B10: אזהרה | C10: ההצעה היא טיוטה פנימית של כמאי הקבלן ולא הצעה חתומה. יש לאמת מחירים מול ספקים וקבלני משנה לפני שליחה

Sheet שינויים מגרסה קודמת
A1: נושא | B1: שינוי
A2: פיגום חיצוני | B2: נוסף סעיף 01.09 (מ"ר, 225 זמני) – נדרש לניסור המסגרות הדקורטיביות (02.15), לפרפט ולטיח החזיתות. בלוח הזמנים: הקמה 16/11/2026, פירוק 29/03/2027
A3: דלתות פנים | B3: 16.02: 4,200 → 1,200 ₪ ליחידה (לפי הקבלן)
A4: מחירים בכלל | B4: הופחתו מרמה גבוהה לרמת שיפוץ פרטי בכ-15–25% ברוב הסעיפים (פרטים בגיליון "בסיס תמחור"). נשמרו עוגני הסקר
A5: לוח זמנים | B5: ניסור המסגרות (D055) הופרד מהפירוקים ומבוצע מהפיגום; נוסף פירוק פיגום (X030)

Sheet מעקב כמויות
A1: סעיף | B1: שם | C1: יחידה | D1: כמות | E1: סטטוס | F1: מקור / בסיס
A2: 01.01 | B2: התארגנות אתר | C2: קומפ׳ | D2: 1 | E2: ORIGINAL | F2: כמות מהכתב המקורי; סכום חד־פעמי או לא ניתן לאימות מול המסמכים שהתקבלו
A3: 01.02 | B3: גידור, שילוט ואמצעי בטיחות באתר | C3: קומפ׳ | D3: 1 | E3: ORIGINAL | F3: כמות מהכתב המקורי; סכום חד־פעמי או לא ניתן לאימות מול המסמכים שהתקבלו
A4: 01.03 | B4: חיבור מים זמני | C4: קומפ׳ | D4: 1 | E4: ORIGINAL | F4: כמות מהכתב המקורי; סכום חד־פעמי או לא ניתן לאימות מול המסמכים שהתקבלו
A5: 01.04 | B5: חיבור חשמל זמני | C5: קומפ׳ | D5: 1 | E5: ORIGINAL | F5: כמות מהכתב המקורי; סכום חד־פעמי או לא ניתן לאימות מול המסמכים שהתקבלו
A6: 01.05 | B6: הגנה על אלמנטים קיימים | C6: קומפ׳ | D6: 1 | E6: ORIGINAL | F6: כמות מהכתב המקורי; סכום חד־פעמי או לא ניתן לאימות מול המסמכים שהתקבלו
A7: 01.06 | B7: מדידות, אימות וסימון בלייזר | C7: קומפ׳ | D7: 1 | E7: ORIGINAL | F7: כמות מהכתב המקורי; סכום חד־פעמי או לא ניתן לאימות מול המסמכים שהתקבלו
A8: 01.07 | B8: מכולת פסולת והסדרת אזור ריכוז פסולת | C8: קומפ׳ | D8: 1 | E8: ORIGINAL | F8: כמות מהכתב המקורי; סכום חד־פעמי או לא ניתן לאימות מול המסמכים שהתקבלו
A9: 01.08 | B9: ניקיון שוטף בתקופת הביצוע | C9: קומפ׳ | D9: 1 | E9: ORIGINAL | F9: כמות מהכתב המקורי; סכום חד־פעמי או לא ניתן לאימות מול המסמכים שהתקבלו
A10: 01.09 | B10: פיגום חיצוני לחזיתות | C10: מ״ר | E10: ASSUMED | F10: כמות זמנית = שטח החזיתות המטויחות (225 מ"ר, סעיף 14.01); שטח הפיגום בפועל ייקבע במדידה
A11: 02.01 | B11: פירוק קירות ומחיצות במרתף | C11: מ״ר | D11: 62 | E11: VERIFIED | F11: כתב כמויות קירות להריסה – כמויות לקבלן (סריקה 24/09/2026); ומפרט פרק 2 סעיפים 1,3
A12: 02.02 | B12: פירוק קירות ומחיצות בקומת הקרקע | C12: מ״ר | D12: 51 | E12: CONFLICT | F12: סריקה ומפרט (טבלה): 51 מ"ר. בפתיח המפרט: קרקע 86 מ"ר (סה"כ 233 במקום 198). נבחר 51 – לפי הסריקה העדכנית
A13: 02.03 | B13: פירוק קירות ומחיצות בקומה א׳ | C13: מ״ר | D13: 85 | E13: VERIFIED | F13: כתב כמויות קירות להריסה – כמויות לקבלן (סריקה 24/09/2026); ומפרט פרק 2 סעיפים 1,3
A14: 02.04 | B14: פירוק תקרות גבס קיימות | C14: מ״ר | D14: 10 | E14: UNVERIFIED | F14: אין תוכנית הריסה בין המסמכים שהתקבלו
A15: 02.05 | B15: פירוק ריצופים קיימים | C15: מ״ר | D15: 40 | E15: UNVERIFIED | F15: אין תוכנית הריסה בין המסמכים שהתקבלו
A16: 02.06 | B16: פירוק ארונות מטבח קיימים | C16: קומפ׳ | D16: 1 | E16: ORIGINAL | F16: כמות מהכתב המקורי; סכום חד־פעמי או לא ניתן לאימות מול המסמכים שהתקבלו
A17: 02.07 | B17: פירוק ארונות ונגרות קיימת אחרת | C17: יח׳ | D17: 1 | E17: ORIGINAL | F17: כמות מהכתב המקורי; סכום חד־פעמי או לא ניתן לאימות מול המסמכים שהתקבלו
A18: 02.08 | B18: פירוק חלונות אלומיניום ותריסים קיימים – קומפלט | C18: קומפ׳ | D18: 1 | E18: ORIGINAL | F18: כמות מהכתב המקורי; סכום חד־פעמי או לא ניתן לאימות מול המסמכים שהתקבלו
A19: 02.09 | B19: פירוק דלתות פנים וכניסה ומשקופים – קומפלט | C19: קומפ׳ | D19: 1 | E19: ORIGINAL | F19: כמות מהכתב המקורי; סכום חד־פעמי או לא ניתן לאימות מול המסמכים שהתקבלו
A20: 02.10 | B20: פירוק חדרי רחצה, שירותים וכלים סניטריים – קומפלט | C20: קומפ׳ | D20: 1 | E20: ORIGINAL | F20: כמות מהכתב המקורי; סכום חד־פעמי או לא ניתן לאימות מול המסמכים שהתקבלו
A21: 02.11 | B21: פירוק נקודות, אביזרי חשמל וגופי תאורה קיימים | C21: קומפ׳ | D21: 1 | E21: ORIGINAL | F21: כמות מהכתב המקורי; סכום חד־פעמי או לא ניתן לאימות מול המסמכים שהתקבלו
A22: 02.12 | B22: פירוק צנרת אינסטלציה גלויה קיימת | C22: קומפ׳ | D22: 1 | E22: ORIGINAL | F22: כמות מהכתב המקורי; סכום חד־פעמי או לא ניתן לאימות מול המסמכים שהתקבלו
... A68: 05.33 | B68: מערכת ביוב וניקוז ראשית | C68: קומפ׳ | D68: 1 | E68: ORIGINAL | F68: כמות מהכתב המקורי; סכום חד־פעמי או לא ניתן לאימות מול המסמכים שהתקבלו
A69: 05.34 | B69: דוד מים חמים – התקנה וחיבור | C69: יח׳ | E69: UNVERIFIED | F69: הכמות נקבעת מספירה בתוכניות חשמל/מיזוג/אינסטלציה שלא התקבלו
A70: 05.35 | B70: בדיקות לחץ ואטימות ותוכנית עדות | C70: קומפ׳ | D70: 1 | E70: ORIGINAL | F70: כמות מהכתב המקורי; סכום חד־פעמי או לא ניתן לאימות מול המסמכים שהתקבלו
A71: 06.01 | B71: נקודת שקע רגיל | C71: יח׳ | D71: 119 | E71: VERIFIED | F71: כתב כמויות חשמל (כמויות לקבלן (סריקה 24/09/2026)) ומפרט פרק 6. הערה בסריקה: שקע כפול נספר כ-1.5 – לאמת אם הכמות משוקללת
A72: 06.02 | B72: נקודת שקע מוגן מים | C72: יח׳ | D72: 51 | E72: VERIFIED | F72: כתב כמויות חשמל (כמויות לקבלן (סריקה 24/09/2026)) ומפרט פרק 6. הערה בסריקה: שקע כפול נספר כ-1.5 – לאמת אם הכמות משוקללת
A73: 06.03 | B73: תשתית להפעלת תריס חשמלי | C73: יח׳ | D73: 18 | E73: VERIFIED | F73: כתב כמויות חשמל (כמויות לקבלן (סריקה 24/09/2026)) ומפרט פרק 6. הערה בסריקה: שקע כפול נספר כ-1.5 – לאמת אם הכמות משוקללת
A74: 06.04 | B74: שקע מנוע תריס | C74: יח׳ | D74: 9 | E74: CONFLICT | F74: שניהם 9 – בסריקה רק "שקע כח 9"; במפרט שני סעיפים נפרדים. ייתכן כפל
A75: 06.05 | B75: נקודת שקע תלת־פאזי | C75: יח׳ | D75: 1 | E75: VERIFIED | F75: כתב כמויות חשמל (כמויות לקבלן (סריקה 24/09/2026)) ומפרט פרק 6. הערה בסריקה: שקע כפול נספר כ-1.5 – לאמת אם הכמות משוקללת
A76: 06.06 | B76: הרחבת לוח החשמל הראשי | C76: קומפ׳ | D76: 1 | E76: ORIGINAL | F76: כמות מהכתב המקורי; סכום חד־פעמי או לא ניתן לאימות מול המסמכים שהתקבלו
A77: 06.07 | B77: אספקה והתקנת פילר חברת החשמל | C77: קומפ׳ | D77: 1 | E77: ORIGINAL | F77: כמות מהכתב המקורי; סכום חד־פעמי או לא ניתן לאימות מול המסמכים שהתקבלו
A78: 06.08 | B78: טיפול בהגדלת חיבור החשמל | C78: קומפ׳ | D78: 1 | E78: ORIGINAL | F78: כמות מהכתב המקורי; סכום חד־פעמי או לא ניתן לאימות מול המסמכים שהתקבלו
A79: 06.09 | B79: בדיקת חשמל סופית | C79: קומפ׳ | D79: 1 | E79: ORIGINAL | F79: כמות מהכתב המקורי; סכום חד־פעמי או לא ניתן לאימות מול המסמכים שהתקבלו
A80: 06.10 | B80: נקודת שקע כוח | C80: יח׳ | D80: 9 | E80: CONFLICT | F80: שניהם 9 – בסריקה רק "שקע כח 9"; במפרט שני סעיפים נפרדים. ייתכן כפל
A81: 06.11 | B81: נקודת הזנה ליחידת מיזוג | C81: נק׳ | E81: UNVERIFIED | F81: הכמות נקבעת מספירה בתוכניות חשמל/מיזוג/אינסטלציה שלא התקבלו
A82: 06.12 | B82: נקודת חיבור ישיר | C82: נק׳ | E82: UNVERIFIED | F82: הכמות נקבעת מספירה בתוכניות חשמל/מיזוג/אינסטלציה שלא התקבלו
A83: 06.13 | B83: מפסק זרם לדוד עם נורת סימון | C83: יח׳ | E83: UNVERIFIED | F83: הכמות נקבעת מספירה בתוכניות חשמל/מיזוג/אינסטלציה שלא התקבלו
A84: 06.14 | B84: נקודת תרמוסטט למזגן | C84: נק׳ | E84: UNVERIFIED | F84: הכמות נקבעת מספירה בתוכניות חשמל/מיזוג/אינסטלציה שלא התקבלו
A85: 06.15 | B85: פעמון ולחצן פעמון | C85: קומפ׳ | D85: 1 | E85: ORIGINAL | F85: כמות מהכתב המקורי; סכום חד־פעמי או לא ניתן לאימות מול המסמכים שהתקבלו
A86: 07.01 | B86: מפסקי הדלקת תאורה (יחיד/כפול/משולש/רביעייה) | C86: יח׳ | E86: UNVERIFIED | F86: הכמות נקבעת מספירה בתוכניות חשמל/מיזוג/אינסטלציה שלא התקבלו
A87: 07.02 | B87: מפסקי מחלף (יחיד/משולש) | C87: יח׳ | E87: UNVERIFIED | F87: הכמות נקבעת מספירה בתוכניות חשמל/מיזוג/אינסטלציה שלא התקבלו
A88: 07.03 | B88: התקנת גוף תאורה צמוד תקרה | C88: יח׳ | D88: 15 | E88: VERIFIED | F88: טבלת תאורה (כמויות לקבלן (סריקה 24/09/2026)) ומפרט פרק 7
A89: 07.04 | B89: התקנת גוף תאורה תלוי | C89: יח׳ | D89: 22 | E89: VERIFIED | F89: טבלת תאורה (כמויות לקבלן (סריקה 24/09/2026)) ומפרט פרק 7
A90: 07.05 | B90: התקנת גוף תאורה קירי מוגן | C90: יח׳ | D90: 30 | E90: VERIFIED | F90: טבלת תאורה (כמויות לקבלן (סריקה 24/09/2026)) ומפרט פרק 7
A91: 07.06 | B91: התקנת גוף תאורה שקוע בקיר, מוגן | C91: יח׳ | D91: 35 | E91: VERIFIED | F91: טבלת תאורה (כמויות לקבלן (סריקה 24/09/2026)) ומפרט פרק 7
A92: 07.07 | B92: התקנת ספוט שקוע בתקרת גבס | C92: יח׳ | D92: 25 | E92: VERIFIED | F92: טבלת תאורה (כמויות לקבלן (סריקה 24/09/2026)) ומפרט פרק 7
A93: 07.08 | B93: התקנת פס תאורת לד נסתר | C93: יח׳ | D93: 11 | E93: VERIFIED | F93: טבלת תאורה (כמויות לקבלן (סריקה 24/09/2026)) ומפרט פרק 7
A94: 07.09 | B94: התקנת פס תאורה שקוע בגבס | C94: יח׳ | D94: 2 | E94: VERIFIED | F94: טבלת תאורה (כמויות לקבלן (סריקה 24/09/2026)) ומפרט פרק 7
A95: 07.10 | B95: התקנת פס תאורה צמוד תקרה | C95: יח׳ | D95: 9 | E95: VERIFIED | F95: טבלת תאורה (כמויות לקבלן (סריקה 24/09/2026)) ומפרט פרק 7
A96: 07.11 | B96: נקודת הזנה לפס לד | C96: יח׳ | D96: 25 | E96: VERIFIED | F96: טבלת תאורה (כמויות לקבלן (סריקה 24/09/2026)) ומפרט פרק 7
A97: 07.12 | B97: התקנת גוף תאורה מוגן מים | C97: יח׳ | D97: 8 | E97: VERIFIED | F97: טבלת תאורה (כמויות לקבלן (סריקה 24/09/2026)) ומפרט פרק 7
A98: 07.13 | B98: התקנת גוף תאורה קירי | C98: יח׳ | D98: 5 | E98: VERIFIED | F98: טבלת תאורה (כמויות לקבלן (סריקה 24/09/2026)) ומפרט פרק 7
A99: 07.14 | B99: התקנת גוף תאורה שקוע בקיר | C99: יח׳ | D99: 10 | E99: VERIFIED | F99: טבלת תאורה (כמויות לקבלן (סריקה 24/09/2026)) ומפרט פרק 7
... A102: 07.17 | B102: התקנת ספוט צילינדר צמוד תקרה | C102: יח׳ | D102: 111 | E102: CONFLICT | F102: הכתב המקורי ומפרט (עמ׳ 25): 115; סריקה ומפרט (עמ׳ 24): 111. תוקן ל-111 לפי המסמך המאוחר
A103: 07.18 | B103: התקנת תאורת חירום דו־תכליתית | C103: יח׳ | E103: UNVERIFIED | F103: הכמות נקבעת מספירה בתוכניות חשמל/מיזוג/אינסטלציה שלא התקבלו
A104: 07.19 | B104: התקנת מקבץ ספוטים „נצנצים” שקוע בגבס | C104: יח׳ | D104: 28 | E104: VERIFIED | F104: טבלת תאורה (כמויות לקבלן (סריקה 24/09/2026)) ומפרט פרק 7
A105: 07.20 | B105: נקודת הזנה כללית לתאורה | C105: יח׳ | D105: 14 | E105: VERIFIED | F105: טבלת תאורה (כמויות לקבלן (סריקה 24/09/2026)) ומפרט פרק 7
A106: 08.01 | B106: התקנת יחידת מיזוג פנימית | C106: יח׳ | E106: UNVERIFIED | F106: הכמות נקבעת מספירה בתוכניות חשמל/מיזוג/אינסטלציה שלא התקבלו
A107: 08.02 | B107: צנרת קירור וניקוז ליחידות המיזוג | C107: מ״א | E107: UNVERIFIED | F107: הכמות נקבעת מספירה בתוכניות חשמל/מיזוג/אינסטלציה שלא התקבלו
A108: 08.03 | B108: בדיקות ואקום ולחץ | C108: קומפ׳ | D108: 1 | E108: ORIGINAL | F108: כמות מהכתב המקורי; סכום חד־פעמי או לא ניתן לאימות מול המסמכים שהתקבלו
A109: 08.04 | B109: התקנת יחידות מיזוג חיצוניות | C109: יח׳ | E109: UNVERIFIED | F109: הכמות נקבעת מספירה בתוכניות חשמל/מיזוג/אינסטלציה שלא התקבלו
A110: 09.01 | B110: מחיצות גבס במרתף | C110: מ״ר | D110: 64 | E110: VERIFIED | F110: קירות פנים לבנייה – גבס: 64/17 (כמויות לקבלן (סריקה 24/09/2026))
A111: 09.02 | B111: מחיצות גבס בקומת הקרקע | C111: מ״ר | D111: 17 | E111: VERIFIED | F111: קירות פנים לבנייה – גבס: 64/17 (כמויות לקבלן (סריקה 24/09/2026))
A112: 09.03 | B112: מחיצות גבס בקומה א׳ ובגלריה | C112: מ״ר | D112: 52 | E112: CONFLICT | F112: סריקה: 52 מ"ר; טבלת מפרט פרק 9: 57 מ"ר (וסה"כ 104.5 במקום אחר). נבחר 52 – לפי הסריקה העדכנית
A113: 09.04 | B113: תקרות גבס תלויות | C113: מ״ר | D113: 33.3 | E113: UNVERIFIED | F113: 33.3 – ערך מקובץ חיצוני שלא התקבל; מפרט פרק 9 מציין "תקרות גבס אם נדרש"
A114: 10.01 | B114: איטום רצפות חדרים רטובים | C114: מ״ר | D114: 40 | E114: VERIFIED | F114: מפרט פרק 10: 40 מ"ר רצפות ו-186 מ"ר קירות – נמסרו על ידי המזמין
A115: 10.02 | B115: איטום קירות חדרים רטובים | C115: מ״ר | D115: 186 | E115: VERIFIED | F115: מפרט פרק 10: 40 מ"ר רצפות ו-186 מ"ר קירות – נמסרו על ידי המזמין
A116: 10.03 | B116: בדיקות הצפה לחדרים רטובים | C116: קומפ׳ | D116: 5 | E116: UNVERIFIED | F116: 5 בדיקות הצפה – לא נבדק מול חדרים רטובים בתוכנית
A117: 10.04 | B117: איטום מרפסות | C117: מ״ר | D117: 52.7 | E117: CALCULATED | F117: 52.7 = 37+6.7+9 (מרפסות לפי סריקה); ערך נשאב בכתב המקורי מקובץ חיצוני
A118: 11.01 | B118: בדיקת קונסטרוקטור למבנה הגג החשוף | C118: קומפ׳ | D118: 1 | E118: VERIFIED | F118: מפרט פרק 11 סעיפים 1,5 (קומפלט)
A119: 11.02 | B119: בניית פרפט חדש להסתרת שיפוע הגג | C119: מ״א | E119: UNVERIFIED | F119: לפי מדידה – אין תוכנית גג/חזית בין המסמכים
A120: 11.03 | B120: איטום מלא של הגג והפרפט | C120: מ״ר | E120: UNVERIFIED | F120: לפי מדידה – אין תוכנית גג/חזית בין המסמכים
A121: 11.04 | B121: פח קופינג עליון | C121: מ״א | E121: UNVERIFIED | F121: לפי מדידה – אין תוכנית גג/חזית בין המסמכים
A122: 11.05 | B122: בדיקה ושימור מערכת ניקוז קיימת | C122: קומפ׳ | D122: 1 | E122: VERIFIED | F122: מפרט פרק 11 סעיפים 1,5 (קומפלט)
A123: 12.01 | B123: התקנת אדני חלונות פנימיים | C123: מ״א | D123: 33.23 | E123: UNVERIFIED | F123: אין בסיס כמותי בין המסמכים שהתקבלו (רשימת פתחים / פיתוח / קונסטרוקציה)
A124: 12.02 | B124: התקנת ספי חלונות חיצוניים | C124: מ״א | D124: 35 | E124: UNVERIFIED | F124: אין בסיס כמותי בין המסמכים שהתקבלו (רשימת פתחים / פיתוח / קונסטרוקציה)
A125: 12.03 | B125: התקנת ספי דלתות | C125: מ״א | D125: 19 | E125: UNVERIFIED | F125: אין בסיס כמותי בין המסמכים שהתקבלו (רשימת פתחים / פיתוח / קונסטרוקציה)
A126: 12.04 | B126: איטום סביב אדנים וספים | C126: מ״א | D126: 125.62 | E126: UNVERIFIED | F126: אין בסיס כמותי בין המסמכים שהתקבלו (רשימת פתחים / פיתוח / קונסטרוקציה)
A127: 13.01 | B127: ריצוף פנים באריחים 120×120 ס״מ, כולל רצפות מקלחות | C127: מ״ר | D127: 219.9 | E127: CALCULATED | F127: 219.9 = 191 (84+42+41+24) + 28.9 (4.5+3.1+5.7+5.1+2.5+3+5) – לפי פירוט במפרט פרק 13 ובסריקה
A128: 13.02 | B128: ריצוף פנים במרתף באריחים 120×60 ס״מ | C128: מ״ר | D128: 105 | E128: VERIFIED | F128: 105 – ריצוף כללי מרתף (סריקה, מפרט)
A129: 13.03 | B129: חיפוי קירות מקלחות באריחים 120×60 ס״מ | C129: מ״ר | D129: 121.2 | E129: CALCULATED | F129: 121.2 = 21.9+11.9+22+15.5+13.3+13.7+22.9 – לפי פירוט במפרט פרק 13
A130: 13.04 | B130: התקנת פנלים | C130: מ״א | D130: 285 | E130: VERIFIED | F130: 285 מ"א – מפרט פרק 13 סעיף 4. יחידה אוחדה ל-מ״א
A131: 13.05 | B131: ריצוף חוץ ומרפסות באריחים 120×60 ס״מ, R11 | C131: מ״ר | D131: 263.7 | E131: CALCULATED | F131: 263.7 = 9+6.7+48+46+37+92+25 – לפי פירוט במפרט פרק 13; בריכה בנפרד (43 מ"ר)
A132: 13.07 | B132: חיפוי מדרגות פנים (שלח ורום) | C132: מ״א | D132: 50 | E132: UNVERIFIED | F132: לא נמצא חישוב. במפרט: 54.975 מ"ר הוא תוספת פחת של 25% על ריצוף – לא קשור למדרגות
A133: 14.01 | B133: הכנת תשתית וטיח צבעוני לחזיתות הבית | C133: מ״ר | D133: 225 | E133: VERIFIED | F133: 225 מ"ר – שליכט חיצוני כל הבית (סריקה) ומפרט פרק 14
... A154: 18.04 | B154: בדיקות רציפות לתשתיות | C154: קומפ׳ | D154: 1 | E154: ORIGINAL | F154: כמות מהכתב המקורי; סכום חד־פעמי או לא ניתן לאימות מול המסמכים שהתקבלו
A155: 18.05 | B155: נקודות תקשורת (טלוויזיה, טלפון/אינטרקום, אינטרנט) | C155: נק׳ | E155: UNVERIFIED | F155: הכמות נקבעת מספירה בתוכניות חשמל/מיזוג/אינסטלציה שלא התקבלו
