Workbook

Sheet הצעת מחיר
A1: הצעת מחיר – שיפוץ ותוספות בבית ברחוב שלונסקי 53, חיפה
A2: מזמין: זהר מור יוסף ורמי דנה | קבלן: [שם הקבלן] | תאריך: 08/10/2026 | מס׳ הצעה: [__]
A3: כל הסכומים בש״ח, לפני מע״מ, בסיס מחירים אוקטובר 2026. מחירי היחידה כוללים הוצאות כלליות ורווח קבלן.
A5: מס׳ סעיף | B5: שם הסעיף | C5: תיאור | D5: יחידה | E5: כמות | F5: בסיס הכמות | G5: מחיר יחידה (₪) | H5: סה״כ (₪) | I5: הערות
A6: פרק 1 — הכנות והתארגנות לביצוע
A7: 01.01 | B7: התארגנות אתר | C7: התארגנות לביצוע עבודות השיפוץ, לרבות הקצאת אזורי עבודה ואחסון חומרים, הסדרת שירותים לעובדים ותיאום דרכי הגישה לעבודה, בהתאם לתנאי האתר ולהנחיות המתכננת. סעיף זה אינו כולל את הגידור, החיבורים הזמניים, ההגנות ומכולת הפסולת המפורטים בנפרד. | D7: קומפ׳ | E7: 1 | F7: לפי המסמכים | G7: 9200 | H7: =ROUND(E7*G7,2) -> 9200
A8: 01.02 | B8: גידור, שילוט ואמצעי בטיחות באתר | C8: הקמה והחזקה של גידור זמני מפח או מרשת תקנית, שילוט אתר ואזהרה, סימון אזורים מסוכנים ואמצעי הבטיחות הנדרשים, לאורך כל שלבי הביצוע, לרבות פירוק הגידור בתום הצורך. | D8: קומפ׳ | E8: 1 | F8: לפי המסמכים | G8: 4600 | H8: =ROUND(E8*G8,2) -> 4600
A9: 01.03 | B9: חיבור מים זמני | C9: הסדרת חיבור מים זמני לצורכי ביצוע העבודות, לרבות חיבור למקור המים המאושר באתר ובדיקת תקינות החיבור. | D9: קומפ׳ | E9: 1 | F9: לפי המסמכים | G9: 1725 | H9: =ROUND(E9*G9,2) -> 1725
A10: 01.04 | B10: חיבור חשמל זמני | C10: הסדרת חיבור חשמל זמני לצורכי ביצוע העבודות, באמצעות חשמלאי בעל רישיון מתאים, לרבות אמצעי ההגנה הנדרשים ובדיקת תקינות החיבור. | D10: קומפ׳ | E10: 1 | F10: לפי המסמכים | G10: 3450 | H10: =ROUND(E10*G10,2) -> 3450
A11: 01.05 | B11: הגנה על אלמנטים קיימים | C11: ביצוע והחזקה של כיסויי הגנה לאלמנטים המיועדים להישאר, לרבות ריצופים, פתחים, חלונות, מדרגות, מעקות, קירות, ציוד וצמחייה לשימור, בהתאם להיקף העבודה ולמצב הקיים. | D11: קומפ׳ | E11: 1 | F11: לפי המסמכים | G11: 5750 | H11: =ROUND(E11*G11,2) -> 5750
A12: 01.06 | B12: מדידות, אימות וסימון בלייזר | C12: מדידת המבנה הקיים ואימות המידות מול תוכניות האדריכלות והמערכות, סימון מיקומי העבודות ומפלסי הביצוע באמצעות פלס לייזר, תיעוד המצב הקיים ודיווח על אי־התאמות לפני תחילת העבודה. | D12: קומפ׳ | E12: 1 | F12: לפי המסמכים | G12: 3450 | H12: =ROUND(E12*G12,2) -> 3450
A13: 01.07 | B13: מכולת פסולת והסדרת אזור ריכוז פסולת | C13: הצבת מכולת פסולת והסדרת מקום לריכוז פסולת הבנייה באתר, בהתאם לתנאי הגישה ולשלבי הביצוע. פינוי הפסולת לאתר מורשה מפורט בפרק ההריסות. | D13: קומפ׳ | E13: 1 | F13: לפי המסמכים | G13: 10350 | H13: =ROUND(E13*G13,2) -> 10350
A14: 01.08 | B14: ניקיון שוטף בתקופת הביצוע | C14: ניקיון שוטף של שטחי העבודה והמעברים לאורך תקופת הביצוע, איסוף שאריות חומרים וריכוז הפסולת באזור המיועד לכך, לשמירת אתר מסודר ובטוח. | D14: קומפ׳ | E14: 1 | F14: לפי המסמכים | G14: 10350 | H14: =ROUND(E14*G14,2) -> 10350
A15: 01.09 | B15: פיגום חיצוני לחזיתות | C15: הקמה, שכירות לתקופה, תחזוקה ופירוק של פיגום חיצוני תקני בהיקף החזיתות, לצורך ניסור ופירוק מסגרות הבטון הדקורטיביות, עבודות הפרפט וטיח החזיתות. כולל הגנות, רשת, אישור בודק ופיגום תקני לפי תקנות הבטיחות בעבודה. | D15: מ״ר | E15: 225 | F15: זמנית – תימדד בפועל | G15: 98 | H15: =ROUND(E15*G15,2) -> 22050 | I15: כולל שכירות כ-4.5 חודשים
A16: סה״כ פרק 1 — הכנות והתארגנות לביצוע | H16: =SUM(H7:H15) -> 70925
A18: פרק 2 — הריסות, פירוקים ופינוי
A19: 02.01 | B19: פירוק קירות ומחיצות במרתף | C19: הריסה מבוקרת של כל הקירות והמחיצות המסומנים להריסה בקומת המרתף, בהתאם לתוכנית ההריסה: 10 מ״ר קירות בלוקים ו־52 מ״ר מחיצות גבס. אלמנטים נושאים – רק באישור קונסטרוקטור בכתב. | D19: מ״ר | E19: 62 | F19: לפי המסמכים | G19: 138 | H19: =ROUND(E19*G19,2) -> 8556
A20: 02.02 | B20: פירוק קירות ומחיצות בקומת הקרקע | C20: הריסה ופירוק מבוקרים של כל הקירות והמחיצות (בלוקים, בטון וגבס) המסומנים להריסה בקומת הקרקע, בהתאם לתוכנית ההריסה. קירות בטון ואלמנטים נושאים – רק לאחר אישור הקונסטרוקטור בכתב. | D20: מ״ר | E20: 51 | F20: לפי המסמכים | G20: 138 | H20: =ROUND(E20*G20,2) -> 7038
A21: 02.03 | B21: פירוק קירות ומחיצות בקומה א׳ | C21: הריסה ופירוק מבוקרים של כל הקירות והמחיצות (בלוקים, בטון וגבס) המסומנים להריסה בקומה א׳, בהתאם לתוכנית ההריסה (כמות משוערת לפי התוכנית). קירות בטון ואלמנטים נושאים – רק לאחר אישור הקונסטרוקטור בכתב. | D21: מ״ר | E21: 85 | F21: לפי המסמכים | G21: 138 | H21: =ROUND(E21*G21,2) -> 11730
A22: 02.04 | B22: פירוק תקרות גבס קיימות | C22: פירוק תקרות גבס קיימות המיועדות להסרה, לרבות לוחות, פרופילים ומתלים, בתיאום עם בעלי המקצוע ולאחר ניתוק המערכות הרלוונטיות. | D22: מ״ר | E22: 10 | F22: לפי המסמכים | G22: 57 | H22: =ROUND(E22*G22,2) -> 570
A23: 02.05 | B23: פירוק ריצופים קיימים | C23: פירוק ריצופים קיימים באזורים שיאושרו לביצוע, בהתאם להחלטה משותפת בשטח ובהתחשב במצב הריצוף הקיים. היקף הפירוק ייקבע לפני תחילת העבודה. | D23: מ״ר | E23: 40 | F23: לפי המסמכים | G23: 103 | H23: =ROUND(E23*G23,2) -> 4120
A24: 02.06 | B24: פירוק ארונות מטבח קיימים | C24: פירוק ארונות מטבח קיימים, לרבות יחידות הארונות ורכיבי החיבור שלהן למבנה, בתיאום עם המזמין לגבי פריטים המיועדים לשימור. | D24: קומפ׳ | E24: 1 | F24: לפי המסמכים | G24: 2300 | H24: =ROUND(E24*G24,2) -> 2300
A25: 02.07 | B25: פירוק ארונות ונגרות קיימת אחרת | C25: פירוק ארונות הלבשה ופריטי נגרות קיימים אחרים המיועדים להסרה, לרבות רכיבי החיבור למבנה, בהתאם להחלטת המזמין בדבר שימור או פינוי. | D25: יח׳ | E25: 1 | F25: לפי המסמכים | G25: 2875 | H25: =ROUND(E25*G25,2) -> 2875
A26: 02.08 | B26: פירוק חלונות אלומיניום ותריסים קיימים – קומפלט | C26: פירוק כל החלונות והתריסים הקיימים המיועדים להחלפה לפי תוכנית הבנייה, לרבות כנפיים, זיגוג, מסגרות, רכיבי הפעלה ועיגון, וניתוק הזנת תריסים חשמליים, תוך שמירה על הפתח. | D26: קומפ׳ | E26: 1 | F26: לפי המסמכים | G26: 6900 | H26: =ROUND(E26*G26,2) -> 6900
A27: 02.09 | B27: פירוק דלתות פנים וכניסה ומשקופים – קומפלט | C27: פירוק כל הדלתות המסומנות בתוכניות ההריסה, לרבות כנפיים, משקופים ופרזול, ובתיאום הסדרת הגישה למבנה במהלך הביצוע. | D27: קומפ׳ | E27: 1 | F27: לפי המסמכים | G27: 4025 | H27: =ROUND(E27*G27,2) -> 4025
A28: 02.10 | B28: פירוק חדרי רחצה, שירותים וכלים סניטריים – קומפלט | C28: פירוק מלא של חדרי הרחצה והשירותים הקיימים: אסלות, כיורים, אמבטיות, מקלחונים, ברזים וחיפויי קירות, לרבות ניתוק וסגירת חיבורי מים וביוב, בהתאם לתוכניות ההריסה. | D28: קומפ׳ | E28: 1 | F28: לפי המסמכים | G28: 9200 | H28: =ROUND(E28*G28,2) -> 9200
A29: 02.11 | B29: פירוק נקודות, אביזרי חשמל וגופי תאורה קיימים | C29: ניתוק ופירוק נקודות, שקעים, מפסקים וגופי תאורה קיימים המיועדים לביטול או להחלפה, באמצעות חשמלאי בעל רישיון מתאים, בתיאום עם המזמין לגבי פריטים לשימור. | D29: קומפ׳ | E29: 1 | F29: לפי המסמכים | G29: 4600 | H29: =ROUND(E29*G29,2) -> 4600
A30: 02.12 | B30: פירוק צנרת אינסטלציה גלויה קיימת | C30: ניתוק ופירוק צנרת אינסטלציה גלויה המיועדת להסרה, לרבות אביזרי החיבור והקיבוע הרלוונטיים, לאחר זיהוי הקווים הפעילים וסגירת החיבורים הנדרשים. | D30: קומפ׳ | E30: 1 | F30: לפי המסמכים | G30: 3450 | H30: =ROUND(E30*G30,2) -> 3450
... A39: 02.21 | B39: פירוק דשא וצמחיית גינון | C39: פירוק וכריתת דשא, שיחים וצמחיית גינון קיימת בשטחי הפיתוח, כולל עקירת שורשים, העמסה והובלה לאתר מורשה, ללא עצים בוגרים הטעונים אישור. | D39: מ״ר | E39: 65 | F39: זמנית – תימדד בפועל | G39: 40 | H39: =ROUND(E39*G39,2) -> 2600
A40: סה״כ פרק 2 — הריסות, פירוקים ופינוי | H40: =SUM(H19:H39) -> 137689
A42: פרק 3 — בנייה ותוספות מבניות
A43: 03.01 | B43: הגדלת מרפסת הסלון ותוספת פרגולה | C43: ביצוע הגדלת מרפסת הסלון ותוספת הפרגולה, קומפלט בתחום העבודות המבניות ובהתאם לתוכניות ולמפרט הקונסטרוקטור, לרבות ביסוס, רכיבי בטון וזיון, שלד פלדה מפרופילי RHS, לוחות בסיס, עיגונים, חיבורים וריתוכים, ככל שנדרשים בתכנון. העבודה כוללת את הבדיקות, אישורי הביצוע ותוכנית העדות הנדרשים במפרט. עבודות האיטום והגמר יבוצעו במסגרת הפרקים הייעודיים. | D43: קומפ׳ | E43: 1 | F43: אומדן – לפי קונסטרוקטור | G43: 80500 | H43: =ROUND(E43*G43,2) -> 80500 | I43: סכום זמני עד קבלת תוכניות
A44: 03.02 | B44: תוספת חדר בקומת הגלריה | C44: ביצוע העבודות המבניות לתוספת החדר בקומת הגלריה, קומפלט לפי תוכניות הקונסטרוקטור והאדריכלות, לרבות רכיבי השלד, החיבורים והעיגונים למבנה הקיים, פתחים והכנות מבניות למערכות, בהתאם לתכנון. העבודה כוללת בדיקות, אישורים ותוכנית עדות; גמרים ומערכות מפורטים בפרקים הייעודיים. | D44: קומפ׳ | E44: 1 | F44: אומדן – לפי קונסטרוקטור | G44: 138000 | H44: =ROUND(E44*G44,2) -> 138000 | I44: סכום זמני עד קבלת תוכניות
A45: 03.03 | B45: כניסה חדשה וגרם מדרגות חדש | C45: ביצוע העבודות המבניות לכניסה החדשה ולגרם המדרגות החדש, קומפלט לפי תוכניות הקונסטרוקטור והאדריכלות, לרבות ביסוס, רכיבי השלד, זיון, יציקות, חיבורים ועיגונים, וכן אלמנטי מעקה ככל שנכללים בתכנון המבני. גמרים יבוצעו במסגרת הפרקים הייעודיים. | D45: קומפ׳ | E45: 1 | F45: אומדן – לפי קונסטרוקטור | G45: 43700 | H45: =ROUND(E45*G45,2) -> 43700 | I45: סכום זמני עד קבלת תוכניות
A46: 03.04 | B46: חיזוק גרם המדרגות הפנימי הקיים | C46: חיזוק גרם המדרגות הפנימי לאחר פירוק המעקה הקיים, קומפלט לפי פרטי הקונסטרוקטור, לרבות רכיבי החיזוק, החיבורים והעיגונים המוגדרים בתכנון, בדיקות וקבלת אישור הקונסטרוקטור לביצוע. | D46: קומפ׳ | E46: 1 | F46: אומדן – לפי קונסטרוקטור | G46: 20700 | H46: =ROUND(E46*G46,2) -> 20700 | I46: סכום זמני עד קבלת תוכניות
A47: סה״כ פרק 3 — בנייה ותוספות מבניות | H47: =SUM(H43:H46) -> 282900
A49: פרק 4 — חלוקה חדשה בקירות בלוקים
A50: 04.01 | B50: קירות בלוקים במרתף | C50: בניית קירות בלוקים בעובי 20 ס״מ בקומת המרתף, במיקומים המסומנים בתוכנית הבנייה החדשה, בהתאם לפרטי הקונסטרוקטור, לרבות חומרי החיבור, חיבור למבנה הקיים ורכיבי זיון או חיזוק ככל שנדרשים בפרטים. טיח וגמר אינם כלולים בסעיף זה. | D50: מ״ר | E50: 6.3 | F50: לפי המסמכים | G50: 345 | H50: =ROUND(E50*G50,2) -> 2173.5
A51: 04.02 | B51: קירות בלוקים בקומת הקרקע | C51: בניית קירות בלוקים בעובי 20 ס״מ בקומת הקרקע, במיקומים המסומנים בתוכנית הבנייה החדשה, בהתאם לפרטי הקונסטרוקטור, לרבות חומרי החיבור, חיבור למבנה הקיים ורכיבי זיון או חיזוק ככל שנדרשים בפרטים. טיח וגמר אינם כלולים בסעיף זה. | D51: מ״ר | E51: 17.7 | F51: לפי המסמכים | G51: 345 | H51: =ROUND(E51*G51,2) -> 6106.5
A52: 04.03 | B52: קירות בלוקים בקומה א׳ ובגלריה | C52: בניית קירות בלוקים בעובי 20 ס״מ בקומה א׳ ובגלריה, במיקומים המסומנים בתוכנית הבנייה החדשה, בהתאם לפרטי הקונסטרוקטור, לרבות חומרי החיבור, חיבור למבנה הקיים ורכיבי זיון או חיזוק ככל שנדרשים בפרטים. טיח וגמר אינם כלולים בסעיף זה. | D52: מ״ר | E52: 2.08 | F52: לפי המסמכים | G52: 345 | H52: =ROUND(E52*G52,2) -> 717.6
A53: סה״כ פרק 4 — חלוקה חדשה בקירות בלוקים | H53: =SUM(H50:H52) -> 8997.6
A55: פרק 5 — אינסטלציה, התקנת כלים סניטריים וברזים
A56: 05.01 | B56: התקנת אסלה תלויה | C56: התקנת אסלה תלויה במיקום המתוכנן, לרבות קיבוע למערכת הנשיאה, חיבור למערכת ההדחה והביוב, אטימת החיבורים ובדיקת יציבות ותפקוד. מכל ההדחה, הלחצן והמושב מתוארים בנפרד. | D56: יח׳ | E56: 7 | F56: לפי המסמכים | G56: 920 | H56: =ROUND(E56*G56,2) -> 6440 | I56: התקנה בלבד; אספקה על המזמין
A57: 05.02 | B57: התקנת מכל הדחה סמוי | C57: התקנת מכל הדחה סמוי ומערכת הנשיאה הנלווית לפי המוצר שנבחר, לרבות עיגון, חיבור למים ולאסלה, התאמת מיקום פתח השירות ובדיקת אטימות ותפקוד לפני סגירת החיפוי. | D57: יח׳ | E57: 7 | F57: לפי המסמכים | G57: 1265 | H57: =ROUND(E57*G57,2) -> 8855 | I57: התקנה בלבד; אספקה על המזמין
A58: 05.03 | B58: התקנת לחצן הדחה | C58: התקנת לחצן הדחה התואם למכל הסמוי, התאמתו למישור הגמר ובדיקת פעולת מנגנון ההדחה. | D58: יח׳ | E58: 7 | F58: לפי המסמכים | G58: 172 | H58: =ROUND(E58*G58,2) -> 1204 | I58: התקנה בלבד; אספקה על המזמין
A59: 05.04 | B59: התקנת מושב אסלה הידראולי | C59: התקנת מושב אסלה בעל מנגנון סגירה הידראולי, התואם לדגם האסלה, לרבות קיבוע, כיוון ובדיקת פעולת המנגנון. | D59: יח׳ | E59: 7 | F59: לפי המסמכים | G59: 172 | H59: =ROUND(E59*G59,2) -> 1204 | I59: התקנה בלבד; אספקה על המזמין
A60: 05.05 | B60: התקנת כיור עומד | C60: התקנת כיור עומד לפי הדגם שנבחר, לרבות העמדה וקיבוע בהתאם להוראות היצרן, חיבור לניקוז ואטימת המפגשים הנדרשים. | D60: יח׳ | E60: 1 | F60: לפי המסמכים | G60: 690 | H60: =ROUND(E60*G60,2) -> 690 | I60: התקנה בלבד; אספקה על המזמין
A61: 05.06 | B61: התקנת ברז קיר | C61: התקנת ברז קיר במיקום ובגובה המתוכננים, לרבות חיבור לנקודות המים, התאמה לעומק הגמר, אטימת החיבורים ובדיקת פעולה. | D61: יח׳ | E61: 6 | F61: לפי המסמכים | G61: 345 | H61: =ROUND(E61*G61,2) -> 2070 | I61: התקנה בלבד; אספקה על המזמין
A62: 05.07 | B62: התקנת ראש גשם | C62: התקנת ראש גשם ורכיב החיבור התואם למוצר שנבחר, לרבות חיבור לנקודת המים, קיבוע ובדיקת זרימה ואטימות. | D62: יח׳ | E62: 6 | F62: לפי המסמכים | G62: 518 | H62: =ROUND(E62*G62,2) -> 3108 | I62: התקנה בלבד; אספקה על המזמין
A63: 05.08 | B63: התקנת אינטרפוץ תלת־דרכי | C63: התקנת מערכת אינטרפוץ תלת־דרכית, לרבות הגוף הסמוי ורכיבי הגמר של המוצר שנבחר, חיבור לקווי המים וליציאות המתוכננות, התאמת עומק ההתקנה ובדיקת אטימות ותפקוד לפני סגירה ובגמר ההתקנה. | D63: יח׳ | E63: 10 | F63: לפי המסמכים | G63: 518 | H63: =ROUND(E63*G63,2) -> 5180 | I63: התקנה בלבד; אספקה על המזמין
A64: 05.09 | B64: התקנת אינטרפוץ ארבע־דרכי | C64: התקנת מערכת אינטרפוץ ארבע־דרכית, לרבות הגוף הסמוי ורכיבי הגמר של המוצר שנבחר, חיבור לקווי המים וליציאות המתוכננות, התאמת עומק ההתקנה ובדיקת אטימות ותפקוד לפני סגירה ובגמר ההתקנה. | D64: יח׳ | E64: 2 | F64: לפי המסמכים | G64: 690 | H64: =ROUND(E64*G64,2) -> 1380 | I64: התקנה בלבד; אספקה על המזמין
A65: 05.10 | B65: התקנת מאחז מזלף | C65: התקנת מאחז מזלף במיקום המתוכנן, לרבות קיבוע לתשתית ואטימת נקודות העיגון באזור הרטוב. | D65: יח׳ | E65: 7 | F65: לפי המסמכים | G65: 288 | H65: =ROUND(E65*G65,2) -> 2016 | I65: התקנה בלבד; אספקה על המזמין
A66: 05.11 | B66: התקנת אביזר ניקוז המסומן 10/10 | C66: התקנת אביזר הניקוז המסומן במקור „תעלת ניקוז 10/10”, לרבות חיבור למערכת הניקוז, התאמה למפלס הריצוף ושילוב אטום עם מערכת האיטום. סוג האביזר המדויק ייקבע לפי התוכנית והמוצר המאושר. | D66: יח׳ | E66: 5 | F66: לפי המסמכים | G66: 747 | H66: =ROUND(E66*G66,2) -> 3735 | I66: התקנה בלבד; אספקה על המזמין
A67: 05.12 | B67: התקנת תעלת גלישה המסומנת 110 | C67: התקנת תעלת הגלישה המסומנת במקור „110”, לרבות העמדה במיקום המתוכנן, חיבור לניקוז, התאמה למפלסי הגמר ושילוב עם מערכת האיטום, בהתאם לפרט ולמוצר שנבחר. | D67: יח׳ | E67: 1 | F67: לפי המסמכים | G67: 1725 | H67: =ROUND(E67*G67,2) -> 1725 | I67: התקנה בלבד; אספקה על המזמין
... A78: 05.24 | B78: התקנת כיור בר | C78: התקנת כיור בר במיקום המתוכנן, לרבות קיבוע, איטום המפגש עם המשטח וחיבור לניקוז, בתיאום עם ספק המשטח או הנגרות. | D78: יח׳ | E78: 2 | F78: לפי המסמכים | G78: 632 | H78: =ROUND(E78*G78,2) -> 1264 | I78: התקנה בלבד; אספקה על המזמין
A79: 05.25 | B79: נקודת מים חמים וקרים לברז או סוללה | C79: נקודת מים חמים וקרים ממערכת אחידה, מהרכזת הקומתית ועד היציאה בקיר, כולל מעברים, שרוולים, ברז ניל ובדיקת לחץ. | D79: נק׳ | E79: 23 | F79: לפי המסמכים | G79: 1380 | H79: =ROUND(E79*G79,2) -> 31740
A80: 05.26 | B80: נקודת מים קרים למכל הדחה | C80: נקודת מים קרים למכל הדחה סמוי, כולל ברז ניל ובדיקת לחץ. | D80: נק׳ | E80: 7 | F80: לפי המסמכים | G80: 575 | H80: =ROUND(E80*G80,2) -> 4025
A81: 05.27 | B81: נקודת ביוב לאסלה | C81: נקודת ביוב 110 מ״מ לאסלה תלויה, כולל חיבור לקו הביוב בשיפוע תקני ובדיקת אטימות. | D81: נק׳ | E81: 7 | F81: לפי המסמכים | G81: 805 | H81: =ROUND(E81*G81,2) -> 5635
A82: 05.28 | B82: נקודת ניקוז לכיור ולאמבטיה | C82: נקודת ניקוז לכיורי רחצה, מטבח, בר, מטבח חוץ ואמבטיה, כולל סיפון/מחסום, חיבור לקו בשיפוע תקני ובדיקת אטימות. | D82: נק׳ | E82: 15 | F82: לפי המסמכים | G82: 518 | H82: =ROUND(E82*G82,2) -> 7770
A83: 05.29 | B83: נקודת מים וניקוז למכונת כביסה | C83: נקודת מים קרים וניקוז עם ברז ניל להכנה למכונת כביסה (מקרא אינסטלציה, פריט 5). | D83: נק׳ | E83: 2 | F83: לפי המסמכים | G83: 1035 | H83: =ROUND(E83*G83,2) -> 2070
A84: 05.30 | B84: ברז דלי | C84: ברז דלי למים קרים לניקיון או השקיה בגובה 40 ס״מ (מקרא אינסטלציה, פריט 7). | D84: יח׳ | E84: 2 | F84: לפי המסמכים | G84: 207 | H84: =ROUND(E84*G84,2) -> 414
A85: 05.32 | B85: קווי אספקה ראשיים ורכזות מים קומתיות | C85: קווי מים ראשיים מהמונה ועד רכזות המים הקומתיות (מקרא אינסטלציה, פריט 10), כולל מגופים, ווסת לחץ ובידוד צנרת חמה. | D85: קומפ׳ | E85: 1 | F85: לפי המסמכים | G85: 23000 | H85: =ROUND(E85*G85,2) -> 23000
A86: 05.33 | B86: מערכת ביוב וניקוז ראשית | C86: קווי ביוב וניקוז ראשיים בכל הקומות עד חיבור למערכת הקיימת או לשוחה, כולל ביקורות, אוורור ובדיקות אטימות. | D86: קומפ׳ | E86: 1 | F86: לפי המסמכים | G86: 20700 | H86: =ROUND(E86*G86,2) -> 20700
A87: 05.34 | B87: דוד מים חמים – התקנה וחיבור | C87: התקנת דוד מים חמים וחיבורו למערכת, כולל ברזים, שסתום בטיחות ומפסק זרם (סוג הדוד ומיקומו לפי תוכנית). | D87: יח׳ | E87: 2 | F87: זמנית – תימדד בפועל | G87: 1380 | H87: =ROUND(E87*G87,2) -> 2760 | I87: התקנה בלבד; אספקה על המזמין
A88: 05.35 | B88: בדיקות לחץ ואטימות ותוכנית עדות | C88: בדיקות לחץ לכל קווי המים ובדיקות אטימות לקווי הביוב לפני כיסוי, בנוכחות המתכננת, כולל דוחות חתומים ותוכנית עדות. | D88: קומפ׳ | E88: 1 | F88: לפי המסמכים | G88: 2875 | H88: =ROUND(E88*G88,2) -> 2875
A89: סה״כ פרק 5 — אינסטלציה, התקנת כלים סניטריים וברזים | H89: =SUM(H56:H88) -> 157375
A91: פרק 6 — חשמל
A92: 06.01 | B92: נקודת שקע רגיל | C92: ביצוע נקודת שקע רגיל במיקום ובגובה המתוכננים, לרבות תשתית וחיווט למעגל המתאים, התקנת אביזר הגמר ובדיקת תקינות הנקודה. | D92: יח׳ | E92: 119 | F92: לפי המסמכים | G92: 310 | H92: =ROUND(E92*G92,2) -> 36890
A93: 06.02 | B93: נקודת שקע מוגן מים | C93: ביצוע נקודת שקע מוגן מים באזור רטוב או חיצוני, בדרגת הגנה המתאימה למיקום ולדרישות המפרט, לרבות תשתית, חיווט, אביזר הגמר וחיבור למעגל בעל ההגנות הנדרשות. | D93: יח׳ | E93: 51 | F93: לפי המסמכים | G93: 368 | H93: =ROUND(E93*G93,2) -> 18768
A94: 06.03 | B94: תשתית להפעלת תריס חשמלי | C94: ביצוע תשתית חשמל להפעלת תריס חשמלי, בהתאם לתוכנית ולשיטת הבקרה שתאושר בכתב בידי המזמין, לרבות צנרת, חיווט וקופסאות הנדרשים לשיטה שנבחרה. מנוע התריס אינו נכלל בסעיף התשתית. | D94: יח׳ | E94: 18 | F94: לפי המסמכים | G94: 437 | H94: =ROUND(E94*G94,2) -> 7866
A95: 06.04 | B95: שקע מנוע תריס | C95: ביצוע נקודת שקע למנוע תריס במיקום המתוכנן, לרבות חיווט, קופסה וחיבור למעגל המתאים. יש לתאם את גבול התכולה עם סעיף תשתית התריס כדי למנוע כפל. | D95: יח׳ | E95: 9 | F95: לפי המסמכים | G95: 253 | H95: =ROUND(E95*G95,2) -> 2277
A96: 06.05 | B96: נקודת שקע תלת־פאזי | C96: ביצוע נקודת שקע תלת־פאזי בהתאם לייעוד ולעומס המתוכננים, לרבות תשתית, מוליכים, אביזר מתאים, חיבור למעגל ובדיקת תקינות. | D96: יח׳ | E96: 1 | F96: לפי המסמכים | G96: 1035 | H96: =ROUND(E96*G96,2) -> 1035
A97: 06.06 | B97: הרחבת לוח החשמל הראשי | C97: הרחבת והתאמת לוח החשמל הראשי לעומסי הבית והתוספות, בהתאם לתכנון החשמל, לרבות רכיבי הלוח, אמצעי ההגנה, חיבור המעגלים, סימונם ובדיקת תקינות. | D97: קומפ׳ | E97: 1 | F97: לפי המסמכים | G97: 9775 | H97: =ROUND(E97*G97,2) -> 9775
A98: 06.07 | B98: אספקה והתקנת פילר חברת החשמל | C98: אספקה והתקנת פילר חדש בכניסה למגרש, בהתאם למיקום ולמפרט שיאושרו בידי חברת החשמל, לרבות עבודות ההתקנה וההתאמות הנדרשות במסגרת הסעיף. | D98: קומפ׳ | E98: 1 | F98: לפי המסמכים | G98: 8050 | H98: =ROUND(E98*G98,2) -> 8050
A99: 06.08 | B99: טיפול בהגדלת חיבור החשמל | C99: הכנת והגשת תוכניות ומסמכים לחברת החשמל לצורך הגדלת החיבור ל־3×40 אמפר, טיפול בהליך וקבלת האישורים הנדרשים, באמצעות חשמלאי בעל רישיון מתאים. התשלום לחברת החשמל בעבור הגדלת החיבור עצמה יחול על המזמין, בהתאם למפרט. | D99: קומפ׳ | E99: 1 | F99: לפי המסמכים | G99: 5175 | H99: =ROUND(E99*G99,2) -> 5175
A100: 06.09 | B100: בדיקת חשמל סופית | C100: ביצוע בדיקה סופית של מתקן החשמל באמצעות חשמלאי בודק בעל רישיון מתאים, לרבות בדיקות הארקה, בידוד ואמצעי הגנה, והמצאת דוח הבדיקה והאישורים הנדרשים. | D100: קומפ׳ | E100: 1 | F100: לפי המסמכים | G100: 2875 | H100: =ROUND(E100*G100,2) -> 2875
A101: 06.10 | B101: נקודת שקע כוח | C101: ביצוע נקודת שקע כוח בהתאם לייעוד המסומן בתוכנית, לרבות תשתית, חיווט, אביזר הגמר וחיבור למעגל המתאים לעומס. ייעוד הנקודה וההבחנה בינה לבין שקע רגיל יוגדרו לפי המקרא. | D101: יח׳ | E101: 9 | F101: לפי המסמכים | G101: 437 | H101: =ROUND(E101*G101,2) -> 3933
A102: 06.11 | B102: נקודת הזנה ליחידת מיזוג | C102: נקודת הזנה ייעודית ליחידת מיזוג, כולל מעגל, מפסק והגנות לפי התקן. | D102: נק׳ | E102: 8 | F102: זמנית – תימדד בפועל | G102: 862 | H102: =ROUND(E102*G102,2) -> 6896
A103: 06.12 | B103: נקודת חיבור ישיר | C103: נקודת חיבור ישיר לתנור, כיריים, קולט אדים או תנור חימום (לפי מקרא החשמל). | D103: נק׳ | E103: 6 | F103: זמנית – תימדד בפועל | G103: 598 | H103: =ROUND(E103*G103,2) -> 3588
... A106: 06.15 | B106: פעמון ולחצן פעמון | C106: התקנת פעמון בגובה 230 ס״מ ולחצן פעמון בגובה 130 ס״מ, כולל חיווט (מקרא החשמל). | D106: קומפ׳ | E106: 1 | F106: לפי המסמכים | G106: 747 | H106: =ROUND(E106*G106,2) -> 747
A107: סה״כ פרק 6 — חשמל | H107: =SUM(H92:H106) -> 112359
A109: פרק 7 — תאורה ומפסקי תאורה
A110: 07.01 | B110: מפסקי הדלקת תאורה (יחיד/כפול/משולש/רביעייה) | C110: ביצוע והתקנת נקודות מפסקי תאורה מכל הסוגים, במיקום ובגובה המתוכננים, לרבות תשתית, חיווט ואביזר גמר, בהתאם לחלוקת ההדלקות בתוכנית. | D110: יח׳ | E110: 55 | F110: זמנית – תימדד בפועל | G110: 172 | H110: =ROUND(E110*G110,2) -> 9460
A111: 07.02 | B111: מפסקי מחלף (יחיד/משולש) | C111: ביצוע והתקנת נקודות מפסקי מחלף להפעלת מעגלי תאורה ממיקומים שונים, לרבות תשתית, חיווט ואביזר גמר התואמים לחלוקת המעגלים. | D111: יח׳ | E111: 12 | F111: זמנית – תימדד בפועל | G111: 230 | H111: =ROUND(E111*G111,2) -> 2760
A112: 07.03 | B112: התקנת גוף תאורה צמוד תקרה | C112: התקנת גוף תאורה צמוד תקרה במיקום המתוכנן, לרבות קיבוע לתשתית, חיבור חשמלי ובדיקת פעולה. | D112: יח׳ | E112: 15 | F112: לפי המסמכים | G112: 253 | H112: =ROUND(E112*G112,2) -> 3795 | I112: התקנה בלבד; אספקה על המזמין
A113: 07.04 | B113: התקנת גוף תאורה תלוי | C113: התקנת גוף תאורה תלוי, לרבות קיבוע מערכת התלייה, התאמת גובה התלייה לפי התוכנית והנחיות המתכננת, חיבור חשמלי ובדיקת פעולה. | D113: יח׳ | E113: 22 | F113: לפי המסמכים | G113: 368 | H113: =ROUND(E113*G113,2) -> 8096 | I113: התקנה בלבד; אספקה על המזמין
A114: 07.05 | B114: התקנת גוף תאורה קירי מוגן | C114: התקנת גוף תאורה קירי מוגן במיקום ובגובה המסומנים בתוכנית, לרבות קיבוע, חיבור חשמלי ואטימת מפגש ההתקנה בהתאם למוצר ולמיקום. | D114: יח׳ | E114: 30 | F114: לפי המסמכים | G114: 253 | H114: =ROUND(E114*G114,2) -> 7590 | I114: התקנה בלבד; אספקה על המזמין
A115: 07.06 | B115: התקנת גוף תאורה שקוע בקיר, מוגן | C115: התקנת גוף תאורה מוגן השקוע בקיר, לרבות שילוב רכיבי ההתקנה של הגוף במיקום המתוכנן, התאמה למישור הגמר, חיבור ובדיקת פעולה. | D115: יח׳ | E115: 35 | F115: לפי המסמכים | G115: 345 | H115: =ROUND(E115*G115,2) -> 12075 | I115: התקנה בלבד; אספקה על המזמין
A116: 07.07 | B116: התקנת ספוט שקוע בתקרת גבס | C116: התקנת ספוט שקוע בתקרת גבס, בתיאום מוקדם עם עבודות הגבס, לרבות התאמת הפתח לגוף, קיבוע, חיבור חשמלי ובדיקת פעולה. | D116: יח׳ | E116: 25 | F116: לפי המסמכים | G116: 98 | H116: =ROUND(E116*G116,2) -> 2450 | I116: התקנה בלבד; אספקה על המזמין
A117: 07.08 | B117: התקנת פס תאורת לד נסתר | C117: התקנת פס תאורת לד נסתר במיקום המתוכנן, לרבות רכיבי ההתקנה וההפעלה שסופקו עם המערכת, חיבור לנקודת ההזנה ובדיקת רציפות ופעולה. | D117: יח׳ | E117: 11 | F117: לפי המסמכים | G117: 402 | H117: =ROUND(E117*G117,2) -> 4422 | I117: התקנה בלבד; אספקה על המזמין
A118: 07.09 | B118: התקנת פס תאורה שקוע בגבס | C118: התקנת פס תאורה שקוע בגבס, לרבות שילוב פרופיל ההתקנה התואם למוצר, תיאום עם קבלן הגבס, התאמה למישור הגמר, חיבור ובדיקת פעולה. | D118: יח׳ | E118: 2 | F118: לפי המסמכים | G118: 518 | H118: =ROUND(E118*G118,2) -> 1036 | I118: התקנה בלבד; אספקה על המזמין
A119: 07.10 | B119: התקנת פס תאורה צמוד תקרה | C119: התקנת פס תאורה צמוד תקרה, לרבות קיבוע ישר ואחיד, התקנת רכיבי המערכת שסופקו, חיבור לנקודת ההזנה ובדיקת פעולה. | D119: יח׳ | E119: 9 | F119: לפי המסמכים | G119: 345 | H119: =ROUND(E119*G119,2) -> 3105 | I119: התקנה בלבד; אספקה על המזמין
A120: 07.11 | B120: נקודת הזנה לפס לד | C120: ביצוע נקודת הזנה ייעודית לפס לד, לרבות צנרת, חיווט וחיבור למעגל המתוכנן, במיקום מתואם עם גוף התאורה ועם רכיבי ההפעלה שלו. | D120: יח׳ | E120: 25 | F120: לפי המסמכים | G120: 322 | H120: =ROUND(E120*G120,2) -> 8050 | I120: התקנה בלבד; אספקה על המזמין
A121: 07.12 | B121: התקנת גוף תאורה מוגן מים | C121: התקנת גוף תאורה מוגן מים באזור רטוב או חיצוני, בהתאם לסוג ולמיקום המסומנים במקרא, לרבות קיבוע, חיבור ובדיקת פעולה. | D121: יח׳ | E121: 8 | F121: לפי המסמכים | G121: 276 | H121: =ROUND(E121*G121,2) -> 2208 | I121: התקנה בלבד; אספקה על המזמין
A122: 07.13 | B122: התקנת גוף תאורה קירי | C122: התקנת גוף תאורה קירי במיקום ובגובה המתוכננים, לרבות קיבוע לתשתית, חיבור חשמלי ובדיקת פעולה. | D122: יח׳ | E122: 5 | F122: לפי המסמכים | G122: 230 | H122: =ROUND(E122*G122,2) -> 1150 | I122: התקנה בלבד; אספקה על המזמין
A123: 07.14 | B123: התקנת גוף תאורה שקוע בקיר | C123: התקנת גוף תאורה שקוע בקיר, לרבות שילוב רכיבי ההתקנה, התאמה למישור הגמר, חיבור חשמלי ובדיקת פעולה. | D123: יח׳ | E123: 10 | F123: לפי המסמכים | G123: 345 | H123: =ROUND(E123*G123,2) -> 3450 | I123: התקנה בלבד; אספקה על המזמין
... A128: 07.19 | B128: התקנת מקבץ ספוטים „נצנצים” שקוע בגבס | C128: התקנת מקבץ ספוטים מסוג „נצנצים” השקוע בגבס, בהתאם לפריסה המאושרת, לרבות תיאום הפתחים, קיבוע רכיבי המערכת, חיבור ובדיקת פעולה. | D128: יח׳ | E128: 28 | F128: לפי המסמכים | G128: 195 | H128: =ROUND(E128*G128,2) -> 5460 | I128: התקנה בלבד; אספקה על המזמין
A129: 07.20 | B129: נקודת הזנה כללית לתאורה | C129: ביצוע נקודת הזנה כללית לתאורה בהתאם לתוכנית, לרבות צנרת, חיווט וחיבור למעגל המתוכנן, ללא התקנת גוף התאורה. | D129: יח׳ | E129: 14 | F129: לפי המסמכים | G129: 345 | H129: =ROUND(E129*G129,2) -> 4830
A130: סה״כ פרק 7 — תאורה ומפסקי תאורה | H130: =SUM(H110:H129) -> 103006
A132: פרק 8 — מיזוג אוויר
...

Sheet סיכום
A1: סיכום הצעת מחיר
A3: פרק | B3: סכום (₪)
A4: 1. הכנות והתארגנות לביצוע | B4: ='הצעת מחיר'!H16 -> 70925
A5: 2. הריסות, פירוקים ופינוי | B5: ='הצעת מחיר'!H40 -> 137689
A6: 3. בנייה ותוספות מבניות | B6: ='הצעת מחיר'!H47 -> 282900
A7: 4. חלוקה חדשה בקירות בלוקים | B7: ='הצעת מחיר'!H53 -> 8997.6
A8: 5. אינסטלציה, התקנת כלים סניטריים וברזים | B8: ='הצעת מחיר'!H89 -> 157375
A9: 6. חשמל | B9: ='הצעת מחיר'!H107 -> 112359
A10: 7. תאורה ומפסקי תאורה | B10: ='הצעת מחיר'!H130 -> 103006
A11: 8. מיזוג אוויר | B11: ='הצעת מחיר'!H137 -> 31055
A12: 9. מחיצות ותקרות גבס | B12: ='הצעת מחיר'!H144 -> 70741.7
A13: 10. איטום פנים | B13: ='הצעת מחיר'!H151 -> 43027.5
A14: 11. איטום גג ופרפט | B14: ='הצעת מחיר'!H159 -> 93550
A15: 12. אדני חלונות וספי פתחים | B15: ='הצעת מחיר'!H166 -> 34462.73
A16: 13. ריצופים, חיפויים ופנלים | B16: ='הצעת מחיר'!H175 -> 278823.7
A17: 14. טיח וגמר צבעוני חוץ | B17: ='הצעת מחיר'!H181 -> 63425
A18: 15. תיקוני טיח, שפכטל וצבע פנים | B18: ='הצעת מחיר'!H187 -> 66240
A19: 17. פיתוח חוץ | B19: ='הצעת מחיר'!H195 -> 87240
A20: 18. תשתיות תקשורת, מיגון, אינטרקום ושמע | B20: ='הצעת מחיר'!H203 -> 26462
A21: סה״כ לפני הנחה | B21: =SUM(B4:B20) -> 1668279.2
A22: הנחה | B22: =-ROUND(B21*C22,2) -> -417069.81 | C22: 0.25
A23: סה״כ לאחר הנחה, לפני מע״מ | B23: =B21+B22 -> 1251209.4
A24: מע״מ | B24: =ROUND(B23*C24,2) -> 225217.7 | C24: 0.18
A25: סה״כ כולל מע״מ | B25: =B23+B24 -> 1476427.1

Sheet הערות והחרגות
A1: # | B1: סוג | C1: הערה
A2: 1 | B2: בסיס | C2: ההצעה מבוססת על: ספר מפרט טכני מהדורה 20 (06/07/2026); תוכניות אדריכלות "בנייה חדשה" – קרקע (גיליון 13) וקומה א׳ (גיליון 23) מ-17/09/2026; כתב הכמויות לקבלן מ-24/09/2026; וכתב הכמויות של המזמין. בכל מקום שבו המסמכים סותרים נלקח כתב הכמויות מ-24/09/2026.
A3: 2 | B3: כמויות | C3: סעיפים המסומנים "זמנית – תימדד בפועל" אינם כוללים כמות במסמכים שהתקבלו (מיזוג, מפסקים, תאורת חירום, דודים, נקודות חיבור ישיר, נקודות תקשורת, גג ופרפט, פיגומים). הם מתומחרים לפי כמות משוערת ויימדדו בפועל.
A4: 3 | B4: שלד | C4: פרק 3 (מרפסת ופרגולה, חדר גלריה, כניסה ומדרגות, חיזוק גרם המדרגות) הוא סכום זמני. תוכניות הקונסטרוקטור המלאות לא התקבלו, והמחיר יותאם עם קבלתן.
A5: 4 | B5: פיגום | C5: סעיף 01.09 – פיגום חיצוני לניסור המסגרות הדקורטיביות, לפרפט ולטיח החזיתות. כולל שכירות לכ-4.5 חודשים לפי לוח הזמנים.
A6: 5 | B6: אספקה | C6: כלים סניטריים וברזים, גופי תאורה, יחידות מיזוג, דודים ואריחי ריצוף וחיפוי – אספקה על המזמין, והקבלן מתקין. אלומיניום, דלתות, שערים, תריסים ואדני אבן – אספקה והתקנה.
A7: 6 | B7: החרגות | C7: בריכת שחייה (כל העבודות), נגרות (ארונות מטבח, רחצה והלבשה), ריהוט, אגרות והיתרים, שכר יועצים, והיטלי חברת החשמל להגדלת החיבור.
A8: 7 | B8: החרגות | C8: פריטים התלויים בהחלטות המזמין: תריסים חשמליים (אופציה), סוגי צמחייה, דגמים סופיים.
A9: 8 | B9: בדיקות | C9: הבדיקות והאישורים הנדרשים (קונסטרוקטור, יועץ איטום, חשמלאי בודק, בדיקות הצפה) כלולים לפי המפרט.
A10: 9 | B10: מסחרי | C10: תוקף ההצעה: [__ ימים] | תנאי תשלום: [__] | הצמדה: [__]
A11: 10 | B11: הנחה | C11: הנחה של 25% על סך ההצעה מוצגת בגיליון הסיכום.

Sheet לוח זמנים
A1: שלב | B1: התחלה | C1: סיום
A2: התקשרות והזמנות | B2: 46327 | C2: 46327
A3: התארגנות ואישור להריסות | B3: 46328 | C3: 46341
A4: הריסות ופירוקים | B4: 46342 | C4: 46369
A5: פיגום חיצוני – הקמה ופירוק | B5: 46342 | C5: 46475
A6: שלד ותוספות מבניות | B6: 46370 | C6: 46420
A7: גג ופרפט | B7: 46370 | C7: 46405
A8: תשתיות אינסטלציה, חשמל, מיזוג ותקשורת ובדיקות | B8: 46376 | C8: 46406
A9: גבס ואיטום | B9: 46407 | C9: 46448
A10: חזיתות ופיתוח | B10: 46421 | C10: 46484
A11: גמרי פנים (ריצוף, טיח, צבע, התקנות) | B11: 46422 | C11: 46525
A12: בדיקות והכנה למסירה | B12: 46526 | C12: 46546
A13: מסירה | B13: 46546 | C13: 46546
A15: לוח זמנים מנחה: שבוע עבודה א׳–ה׳, תחילת עבודה 01/11/2026. ללא חגים ועיכובי מזג אוויר. משך כולל כ-31 שבועות.
